Day,Day.Of.Week,Date,Page.Loads,Unique.Visits,weather
Sunday,1,9/14/2014,"2,146","1,582",drizzle
Monday,2,9/15/2014,"3,621","2,528",rain
Tuesday,3,9/16/2014,"3,698","2,630",rain
Wednesday,4,9/17/2014,"3,667","2,614",rain
Thursday,5,9/18/2014,"3,316","2,366",rain
Friday,6,9/19/2014,"2,815","1,863",rain
Saturday,7,9/20/2014,"1,658","1,118",rain
Sunday,1,9/21/2014,"2,288","1,656",sun
Monday,2,9/22/2014,"3,638","2,586",rain
Tuesday,3,9/23/2014,"4,462","3,257",rain
Wednesday,4,9/24/2014,"4,414","3,175",sun
Thursday,5,9/25/2014,"4,315","3,029",sun
Friday,6,9/26/2014,"3,323","2,249",sun
Saturday,7,9/27/2014,"1,656","1,180",snow
Sunday,1,9/28/2014,"2,465","1,806",snow
Monday,2,9/29/2014,"4,096","2,873",snow
Tuesday,3,9/30/2014,"4,474","3,032",snow
Wednesday,4,10/1/2014,"4,124","2,849",snow
Thursday,5,10/2/2014,"3,514","2,489",snow
Friday,6,10/3/2014,"3,005","2,097",snow
Saturday,7,10/4/2014,"2,054","1,436",rain
Sunday,1,10/5/2014,"2,847","1,913",rain
Monday,2,10/6/2014,"4,501","3,181",rain
Tuesday,3,10/7/2014,"4,603","3,163",rain
Wednesday,4,10/8/2014,"4,187","3,014",rain
Thursday,5,10/9/2014,"4,343","2,864",rain
Friday,6,10/10/2014,"3,565","2,382",drizzle
Saturday,7,10/11/2014,"2,080","1,457",rain
Sunday,1,10/12/2014,"3,031","2,089",rain
Monday,2,10/13/2014,"4,814","3,339",rain
Tuesday,3,10/14/2014,"5,040","3,604",rain
Wednesday,4,10/15/2014,"5,028","3,515",rain
Thursday,5,10/16/2014,"4,658","3,331",sun
Friday,6,10/17/2014,"3,624","2,477",sun
Saturday,7,10/18/2014,"2,285","1,619",sun
Sunday,1,10/19/2014,"3,454","2,346",sun
Monday,2,10/20/2014,"5,307","3,717",sun
Tuesday,3,10/21/2014,"5,135","3,701",rain
Wednesday,4,10/22/2014,"5,084","3,611",rain
Thursday,5,10/23/2014,"4,650","3,316",rain
Friday,6,10/24/2014,"3,571","2,498",rain
Saturday,7,10/25/2014,"2,354","1,661",rain
Sunday,1,10/26/2014,"3,497","2,508",rain
Monday,2,10/27/2014,"5,294","3,737",rain
Tuesday,3,10/28/2014,"4,643","3,328",rain
Wednesday,4,10/29/2014,"4,596","3,279",drizzle
Thursday,5,10/30/2014,"4,162","3,041",rain
Friday,6,10/31/2014,"2,933","2,007",rain
Saturday,7,11/1/2014,"2,202","1,496",rain
Sunday,1,11/2/2014,"3,083","2,204",sun
Monday,2,11/3/2014,"4,376","3,057",rain
Tuesday,3,11/4/2014,"4,704","3,141",rain
Wednesday,4,11/5/2014,"4,306","3,200",rain
Thursday,5,11/6/2014,"4,178","3,034",sun
Friday,6,11/7/2014,"3,236","2,318",rain
Saturday,7,11/8/2014,"2,010","1,536",rain
Sunday,1,11/9/2014,"2,901","2,141",snow
Monday,2,11/10/2014,"4,754","3,325",sun
Tuesday,3,11/11/2014,"4,417","3,203",snow
Wednesday,4,11/12/2014,"4,535","3,351",snow
Thursday,5,11/13/2014,"4,274","3,194",sun
Friday,6,11/14/2014,"3,382","2,423",rain
Saturday,7,11/15/2014,"2,085","1,488",sun
Sunday,1,11/16/2014,"3,083","2,215",rain
Monday,2,11/17/2014,"4,860","3,559",rain
Tuesday,3,11/18/2014,"4,893","3,570",snow
Wednesday,4,11/19/2014,"4,866","3,544",sun
Thursday,5,11/20/2014,"4,584","3,357",sun
Friday,6,11/21/2014,"3,914","2,750",rain
Saturday,7,11/22/2014,"2,431","1,716",rain
Sunday,1,11/23/2014,"3,157","2,369",rain
Monday,2,11/24/2014,"5,045","3,615",snow
Tuesday,3,11/25/2014,"4,746","3,236",snow
Wednesday,4,11/26/2014,"4,314","2,919",rain
Thursday,5,11/27/2014,"3,663","2,476",snow
Friday,6,11/28/2014,"3,270","2,268",rain
Saturday,7,11/29/2014,"2,905","1,976",snow
Sunday,1,11/30/2014,"4,016","2,832",rain
Monday,2,12/1/2014,"5,266","3,877",rain
Tuesday,3,12/2/2014,"5,795","4,274",rain
Wednesday,4,12/3/2014,"5,728","4,217",rain
Thursday,5,12/4/2014,"5,293","3,830",rain
Friday,6,12/5/2014,"3,934","2,856",sun
Saturday,7,12/6/2014,"3,071","2,165",sun
Sunday,1,12/7/2014,"3,876","2,984",rain
Monday,2,12/8/2014,"5,878","4,375",drizzle
Tuesday,3,12/9/2014,"5,712","4,187",rain
Wednesday,4,12/10/2014,"5,491","4,074",rain
Thursday,5,12/11/2014,"5,144","3,801",rain
Friday,6,12/12/2014,"3,880","2,860",rain
Saturday,7,12/13/2014,"2,605","1,838",rain
Sunday,1,12/14/2014,"3,625","2,650",rain
Monday,2,12/15/2014,"4,685","3,478",sun
Tuesday,3,12/16/2014,"4,891","3,338",rain
Wednesday,4,12/17/2014,"4,222","3,053",sun
Thursday,5,12/18/2014,"3,691","2,690",snow
Friday,6,12/19/2014,"2,748","1,879",rain
Saturday,7,12/20/2014,"1,380","1,011",sun
Sunday,1,12/21/2014,"1,474","1,054",sun
Monday,2,12/22/2014,"2,452","1,715",sun
Tuesday,3,12/23/2014,"2,298","1,440",rain
Wednesday,4,12/24/2014,"1,430",947,rain
Thursday,5,12/25/2014,"1,002",667,rain
Friday,6,12/26/2014,"1,486","1,005",drizzle
Saturday,7,12/27/2014,"1,345",941,sun
Sunday,1,12/28/2014,"1,453",948,rain
Monday,2,12/29/2014,"2,173","1,472",rain
Tuesday,3,12/30/2014,"2,208","1,424",rain
Wednesday,4,12/31/2014,"1,381",955,rain
Thursday,5,1/1/2015,"1,265",876,rain
Friday,6,1/2/2015,"1,948","1,288",rain
Saturday,7,1/3/2015,"1,742","1,096",sun
Sunday,1,1/4/2015,"1,896","1,409",rain
Monday,2,1/5/2015,"3,033","2,062",sun
Tuesday,3,1/6/2015,"3,445","2,327",rain
Wednesday,4,1/7/2015,"3,423","2,384",rain
Thursday,5,1/8/2015,"3,319","2,272",rain
Friday,6,1/9/2015,"2,783","1,941",rain
Saturday,7,1/10/2015,"1,952","1,240",drizzle
Sunday,1,1/11/2015,"2,245","1,611",rain
Monday,2,1/12/2015,"3,928","2,518",rain
Tuesday,3,1/13/2015,"3,810","2,621",rain
Wednesday,4,1/14/2015,"3,931","2,656",rain
Thursday,5,1/15/2015,"3,523","2,457",rain
Friday,6,1/16/2015,"2,943","1,928",rain
Saturday,7,1/17/2015,"1,751","1,237",sun
Sunday,1,1/18/2015,"2,491","1,762",sun
Monday,2,1/19/2015,"3,766","2,665",sun
Tuesday,3,1/20/2015,"4,194","2,852",sun
Wednesday,4,1/21/2015,"4,038","2,916",rain
Thursday,5,1/22/2015,"3,891","2,702",sun
Friday,6,1/23/2015,"3,111","2,181",sun
Saturday,7,1/24/2015,"1,946","1,414",sun
Sunday,1,1/25/2015,"2,802","2,010",sun
Monday,2,1/26/2015,"3,892","2,841",sun
Tuesday,3,1/27/2015,"4,172","3,003",drizzle
Wednesday,4,1/28/2015,"4,464","3,280",sun
Thursday,5,1/29/2015,"4,377","3,143",rain
Friday,6,1/30/2015,"3,734","2,514",rain
Saturday,7,1/31/2015,"2,262","1,657",sun
Sunday,1,2/1/2015,"3,050","2,122",rain
Monday,2,2/2/2015,"4,794","3,366",rain
Tuesday,3,2/3/2015,"4,936","3,423",rain
Wednesday,4,2/4/2015,"5,016","3,500",rain
Thursday,5,2/5/2015,"4,489","3,170",rain
Friday,6,2/6/2015,"3,505","2,468",rain
Saturday,7,2/7/2015,"2,264","1,679",sun
Sunday,1,2/8/2015,"3,314","2,435",sun
Monday,2,2/9/2015,"5,095","3,619",rain
Tuesday,3,2/10/2015,"5,525","3,793",sun
Wednesday,4,2/11/2015,"5,074","3,689",rain
Thursday,5,2/12/2015,"4,571","3,319",rain
Friday,6,2/13/2015,"3,570","2,664",rain
Saturday,7,2/14/2015,"2,182","1,565",rain
Sunday,1,2/15/2015,"3,265","2,277",sun
Monday,2,2/16/2015,"4,670","3,297",rain
Tuesday,3,2/17/2015,"4,764","3,452",rain
Wednesday,4,2/18/2015,"4,943","3,526",sun
Thursday,5,2/19/2015,"4,790","3,307",rain
Friday,6,2/20/2015,"3,604","2,621",rain
Saturday,7,2/21/2015,"2,455","1,823",rain
Sunday,1,2/22/2015,"3,650","2,690",sun
Monday,2,2/23/2015,"5,463","3,975",rain
Tuesday,3,2/24/2015,"5,884","4,112",rain
Wednesday,4,2/25/2015,"5,615","4,019",sun
Thursday,5,2/26/2015,"5,289","3,747",sun
Friday,6,2/27/2015,"4,434","2,969",sun
Saturday,7,2/28/2015,"2,665","1,977",rain
Sunday,1,3/1/2015,"3,907","2,906",sun
Monday,2,3/2/2015,"5,308","3,778",rain
Tuesday,3,3/3/2015,"5,773","4,025",rain
Wednesday,4,3/4/2015,"5,585","4,060",sun
Thursday,5,3/5/2015,"4,783","3,582",sun
Friday,6,3/6/2015,"3,893","2,707",rain
Saturday,7,3/7/2015,"2,917","2,048",rain
Sunday,1,3/8/2015,"3,353","2,468",drizzle
Monday,2,3/9/2015,"5,400","3,824",rain
Tuesday,3,3/10/2015,"5,395","3,926",rain
Wednesday,4,3/11/2015,"5,229","3,859",sun
Thursday,5,3/12/2015,"5,371","3,784",rain
Friday,6,3/13/2015,"4,185","3,045",rain
Saturday,7,3/14/2015,"2,724","1,988",rain
Sunday,1,3/15/2015,"3,590","2,620",rain
Monday,2,3/16/2015,"5,367","3,771",rain
Tuesday,3,3/17/2015,"5,440","3,968",rain
Wednesday,4,3/18/2015,"5,465","4,043",sun
Thursday,5,3/19/2015,"5,318","3,813",drizzle
Friday,6,3/20/2015,"4,225","2,916",sun
Saturday,7,3/21/2015,"2,687","1,975",sun
Sunday,1,3/22/2015,"3,791","2,786",rain
Monday,2,3/23/2015,"5,661","3,949",rain
Tuesday,3,3/24/2015,"5,759","4,081",drizzle
Wednesday,4,3/25/2015,"5,599","3,983",fog
Thursday,5,3/26/2015,"5,103","3,755",drizzle
Friday,6,3/27/2015,"4,313","2,946",rain
Saturday,7,3/28/2015,"2,971","2,011",rain
Sunday,1,3/29/2015,"3,662","2,693",rain
Monday,2,3/30/2015,"5,635","3,985",rain
Tuesday,3,3/31/2015,"5,581","3,963",sun
Wednesday,4,4/1/2015,"5,329","3,761",sun
Thursday,5,4/2/2015,"4,553","3,214",sun
Friday,6,4/3/2015,"3,423","2,404",rain
Saturday,7,4/4/2015,"2,708","1,807",sun
Sunday,1,4/5/2015,"3,306","2,266",rain
Monday,2,4/6/2015,"5,203","3,692",rain
Tuesday,3,4/7/2015,"5,712","4,104",sun
Wednesday,4,4/8/2015,"5,601","4,015",sun
Thursday,5,4/9/2015,"5,486","4,063",drizzle
Friday,6,4/10/2015,"4,178","3,213",drizzle
Saturday,7,4/11/2015,"2,878","2,153",drizzle
Sunday,1,4/12/2015,"4,169","2,903",sun
Monday,2,4/13/2015,"6,372","4,485",sun
Tuesday,3,4/14/2015,"6,240","4,391",sun
Wednesday,4,4/15/2015,"6,170","4,409",drizzle
Thursday,5,4/16/2015,"6,071","4,275",sun
Friday,6,4/17/2015,"4,682","3,307",sun
Saturday,7,4/18/2015,"3,208","2,291",sun
Sunday,1,4/19/2015,"4,310","3,144",sun
Monday,2,4/20/2015,"6,435","4,694",rain
Tuesday,3,4/21/2015,"6,299","4,455",drizzle
Wednesday,4,4/22/2015,"6,360","4,512",sun
Thursday,5,4/23/2015,"6,349","4,360",drizzle
Friday,6,4/24/2015,"4,660","3,387",sun
Saturday,7,4/25/2015,"3,354","2,420",sun
Sunday,1,4/26/2015,"4,371","3,189",sun
Monday,2,4/27/2015,"6,534","4,731",sun
Tuesday,3,4/28/2015,"6,832","4,941",sun
Wednesday,4,4/29/2015,"6,689","4,870",sun
Thursday,5,4/30/2015,"5,849","4,086",sun
Friday,6,5/1/2015,"4,247","3,064",sun
Saturday,7,5/2/2015,"3,219","2,360",drizzle
Sunday,1,5/3/2015,"4,211","3,210",drizzle
Monday,2,5/4/2015,"6,424","4,752",sun
Tuesday,3,5/5/2015,"6,223","4,520",rain
Wednesday,4,5/6/2015,"6,551","4,768",sun
Thursday,5,5/7/2015,"6,343","4,449",sun
Friday,6,5/8/2015,"4,696","3,366",sun
Saturday,7,5/9/2015,"3,134","2,239",sun
Sunday,1,5/10/2015,"3,868","2,844",sun
Monday,2,5/11/2015,"6,020","4,482",sun
Tuesday,3,5/12/2015,"5,705","4,160",sun
Wednesday,4,5/13/2015,"5,752","4,016",sun
Thursday,5,5/14/2015,"5,181","3,605",sun
Friday,6,5/15/2015,"4,269","2,913",sun
Saturday,7,5/16/2015,"2,633","1,818",sun
Sunday,1,5/17/2015,"3,336","2,376",sun
Monday,2,5/18/2015,"5,127","3,587",sun
Tuesday,3,5/19/2015,"5,449","3,767",sun
Wednesday,4,5/20/2015,"5,746","3,956",sun
Thursday,5,5/21/2015,"5,115","3,642",sun
Friday,6,5/22/2015,"3,995","2,749",sun
Saturday,7,5/23/2015,"2,618","1,884",sun
Sunday,1,5/24/2015,"2,961","2,117",rain
Monday,2,5/25/2015,"4,090","2,913",rain
Tuesday,3,5/26/2015,"5,201","3,637",sun
Wednesday,4,5/27/2015,"5,321","3,797",sun
Thursday,5,5/28/2015,"5,219","3,509",sun
Friday,6,5/29/2015,"4,017","2,804",sun
Saturday,7,5/30/2015,"2,297","1,629",sun
Sunday,1,5/31/2015,"3,145","2,226",sun
Monday,2,6/1/2015,"4,905","3,419",fog
Tuesday,3,6/2/2015,"4,747","3,284",sun
Wednesday,4,6/3/2015,"4,591","3,317",drizzle
Thursday,5,6/4/2015,"4,431","3,173",drizzle
Friday,6,6/5/2015,"3,608","2,523",drizzle
Saturday,7,6/6/2015,"2,422","1,673",rain
Sunday,1,6/7/2015,"3,132","2,145",fog
Monday,2,6/8/2015,"4,962","3,377",fog
Tuesday,3,6/9/2015,"4,881","3,469",sun
Wednesday,4,6/10/2015,"5,001","3,425",drizzle
Thursday,5,6/11/2015,"4,635","3,242",drizzle
Friday,6,6/12/2015,"3,545","2,494",rain
Saturday,7,6/13/2015,"2,262","1,490",sun
Sunday,1,6/14/2015,"2,866","2,034",sun
Monday,2,6/15/2015,"4,692","3,261",sun
Tuesday,3,6/16/2015,"4,602","3,204",sun
Wednesday,4,6/17/2015,"4,620","3,101",sun
Thursday,5,6/18/2015,"4,475","2,955",sun
Friday,6,6/19/2015,"3,564","2,422",sun
Saturday,7,6/20/2015,"2,071","1,370",sun
Sunday,1,6/21/2015,"2,659","1,840",sun
Monday,2,6/22/2015,"4,338","2,963",sun
Tuesday,3,6/23/2015,"4,531","3,139",drizzle
Wednesday,4,6/24/2015,"4,498","3,022",drizzle
Thursday,5,6/25/2015,"4,128","2,730",drizzle
Friday,6,6/26/2015,"3,132","2,153",rain
Saturday,7,6/27/2015,"1,829","1,264",rain
Sunday,1,6/28/2015,"2,149","1,517",rain
Monday,2,6/29/2015,"3,975","2,691",rain
Tuesday,3,6/30/2015,"4,046","2,718",sun
Wednesday,4,7/1/2015,"3,897","2,745",sun
Thursday,5,7/2/2015,"3,871","2,540",rain
Friday,6,7/3/2015,"2,630","1,716",rain
Saturday,7,7/4/2015,"1,602","1,104",rain
Sunday,1,7/5/2015,"1,960","1,370",rain
Monday,2,7/6/2015,"4,143","2,655",rain
Tuesday,3,7/7/2015,"4,205","2,789",rain
Wednesday,4,7/8/2015,"4,193","2,783",rain
Thursday,5,7/9/2015,"3,710","2,536",sun
Friday,6,7/10/2015,"3,137","2,203",rain
Saturday,7,7/11/2015,"1,834","1,145",rain
Sunday,1,7/12/2015,"2,070","1,473",rain
Monday,2,7/13/2015,"4,180","2,852",rain
Tuesday,3,7/14/2015,"4,038","2,731",rain
Wednesday,4,7/15/2015,"3,906","2,667",rain
Thursday,5,7/16/2015,"3,580","2,424",rain
Friday,6,7/17/2015,"2,948","2,070",rain
Saturday,7,7/18/2015,"1,622","1,121",rain
Sunday,1,7/19/2015,"2,179","1,480",rain
Monday,2,7/20/2015,"3,906","2,615",rain
Tuesday,3,7/21/2015,"3,745","2,596",rain
Wednesday,4,7/22/2015,"4,212","2,761",rain
Thursday,5,7/23/2015,"3,901","2,595",rain
Friday,6,7/24/2015,"3,292","2,207",rain
Saturday,7,7/25/2015,"1,819","1,229",sun
Sunday,1,7/26/2015,"2,068","1,562",rain
Monday,2,7/27/2015,"3,991","2,805",rain
Tuesday,3,7/28/2015,"4,073","2,862",rain
Wednesday,4,7/29/2015,"4,069","2,825",rain
Thursday,5,7/30/2015,"3,716","2,629",drizzle
Friday,6,7/31/2015,"3,380","2,120",rain
Saturday,7,8/1/2015,"1,737","1,197",rain
Sunday,1,8/2/2015,"2,181","1,567",rain
Monday,2,8/3/2015,"3,973","2,794",rain
Tuesday,3,8/4/2015,"3,997","2,794",rain
Wednesday,4,8/5/2015,"4,132","2,798",rain
Thursday,5,8/6/2015,"3,791","2,693",rain
Friday,6,8/7/2015,"2,968","2,139",rain
Saturday,7,8/8/2015,"1,752","1,266",rain
Sunday,1,8/9/2015,"2,070","1,497",drizzle
Monday,2,8/10/2015,"3,920","2,684",fog
Tuesday,3,8/11/2015,"4,106","2,791",sun
Wednesday,4,8/12/2015,"4,006","2,726",rain
Thursday,5,8/13/2015,"3,827","2,639",rain
Friday,6,8/14/2015,"2,944","1,973",rain
Saturday,7,8/15/2015,"1,827","1,193",rain
Sunday,1,8/16/2015,"2,373","1,658",rain
Monday,2,8/17/2015,"4,031","2,763",rain
Tuesday,3,8/18/2015,"4,027","2,780",rain
Wednesday,4,8/19/2015,"3,912","2,795",rain
Thursday,5,8/20/2015,"3,867","2,715",rain
Friday,6,8/21/2015,"3,304","2,238",rain
Saturday,7,8/22/2015,"1,685","1,208",sun
Sunday,1,8/23/2015,"2,130","1,542",rain
Monday,2,8/24/2015,"3,936","2,697",rain
Tuesday,3,8/25/2015,"4,029","2,744",rain
Wednesday,4,8/26/2015,"4,010","2,789",rain
Thursday,5,8/27/2015,"4,027","2,890",rain
Friday,6,8/28/2015,"2,829","2,000",rain
Saturday,7,8/29/2015,"1,736","1,227",snow
Sunday,1,8/30/2015,"2,517","1,686",snow
Monday,2,8/31/2015,"4,029","2,769",rain
Tuesday,3,9/1/2015,"4,261","2,890",snow
Wednesday,4,9/2/2015,"4,058","2,923",snow
Thursday,5,9/3/2015,"4,392","3,007",rain
Friday,6,9/4/2015,"3,072","2,221",rain
Saturday,7,9/5/2015,"1,799","1,284",rain
Sunday,1,9/6/2015,"2,341","1,611",rain
Monday,2,9/7/2015,"3,330","2,354",rain
Tuesday,3,9/8/2015,"4,734","3,381",snow
Wednesday,4,9/9/2015,"4,801","3,381",rain
Thursday,5,9/10/2015,"4,399","3,079",rain
Friday,6,9/11/2015,"3,275","2,375",rain
Saturday,7,9/12/2015,"2,042","1,429",rain
Sunday,1,9/13/2015,"2,827","2,103",drizzle
Monday,2,9/14/2015,"4,836","3,437",drizzle
Tuesday,3,9/15/2015,"4,840","3,465",sun
Wednesday,4,9/16/2015,"4,504","3,356",sun
Thursday,5,9/17/2015,"4,379","3,240",rain
Friday,6,9/18/2015,"3,391","2,428",rain
Saturday,7,9/19/2015,"2,045","1,513",rain
Sunday,1,9/20/2015,"2,721","2,081",rain
Monday,2,9/21/2015,"4,630","3,535",rain
Tuesday,3,9/22/2015,"4,748","3,540",rain
Wednesday,4,9/23/2015,"4,702","3,377",rain
Thursday,5,9/24/2015,"4,440","3,309",snow
Friday,6,9/25/2015,"3,513","2,518",drizzle
Saturday,7,9/26/2015,"2,253","1,633",sun
Sunday,1,9/27/2015,"3,141","2,291",sun
Monday,2,9/28/2015,"5,122","3,808",sun
Tuesday,3,9/29/2015,"5,151","3,868",sun
Wednesday,4,9/30/2015,"4,969","3,703",drizzle
Thursday,5,10/1/2015,"4,619","3,365",drizzle
Friday,6,10/2/2015,"3,443","2,598",drizzle
Saturday,7,10/3/2015,"2,302","1,754",drizzle
Sunday,1,10/4/2015,"3,291","2,506",drizzle
Monday,2,10/5/2015,"5,206","3,737",drizzle
Tuesday,3,10/6/2015,"5,474","3,940",drizzle
Wednesday,4,10/7/2015,"5,400","3,934",rain
Thursday,5,10/8/2015,"5,334","3,821",rain
Friday,6,10/9/2015,"4,174","3,022",rain
Saturday,7,10/10/2015,"2,571","1,853",rain
Sunday,1,10/11/2015,"3,572","2,636",rain
Monday,2,10/12/2015,"5,018","3,788",rain
Tuesday,3,10/13/2015,"5,565","4,159",rain
Wednesday,4,10/14/2015,"5,420","4,048",rain
Thursday,5,10/15/2015,"5,366","3,908",rain
Friday,6,10/16/2015,"4,091","3,002",rain
Saturday,7,10/17/2015,"2,824","2,087",drizzle
Sunday,1,10/18/2015,"3,843","2,825",rain
Monday,2,10/19/2015,"5,516","4,140",rain
Tuesday,3,10/20/2015,"5,572","4,121",rain
Wednesday,4,10/21/2015,"5,243","3,882",rain
Thursday,5,10/22/2015,"5,133","3,720",rain
Friday,6,10/23/2015,"4,084","2,947",sun
Saturday,7,10/24/2015,"2,739","1,978",rain
Sunday,1,10/25/2015,"3,781","2,857",drizzle
Monday,2,10/26/2015,"5,684","4,073",rain
Tuesday,3,10/27/2015,"5,687","4,179",rain
Wednesday,4,10/28/2015,"5,906","4,266",rain
Thursday,5,10/29/2015,"5,541","4,020",rain
Friday,6,10/30/2015,"4,171","3,043",drizzle
Saturday,7,10/31/2015,"2,586","1,820",rain
Sunday,1,11/1/2015,"3,838","2,922",rain
Monday,2,11/2/2015,"5,675","4,076",rain
Tuesday,3,11/3/2015,"5,624","4,178",sun
Wednesday,4,11/4/2015,"5,794","4,316",rain
Thursday,5,11/5/2015,"5,389","4,031",rain
Friday,6,11/6/2015,"4,305","3,047",rain
Saturday,7,11/7/2015,"3,281","2,202",rain
Sunday,1,11/8/2015,"3,790","2,837",rain
Monday,2,11/9/2015,"5,894","4,203",rain
Tuesday,3,11/10/2015,"5,461","4,048",rain
Wednesday,4,11/11/2015,"5,206","3,869",rain
Thursday,5,11/12/2015,"5,228","3,929",rain
Friday,6,11/13/2015,"4,097","2,971",rain
Saturday,7,11/14/2015,"2,694","1,964",rain
Sunday,1,11/15/2015,"3,893","2,930",sun
Monday,2,11/16/2015,"6,185","4,550",sun
Tuesday,3,11/17/2015,"6,178","4,503",rain
Wednesday,4,11/18/2015,"6,067","4,397",rain
Thursday,5,11/19/2015,"5,656","4,166",rain
Friday,6,11/20/2015,"4,398","3,173",drizzle
Saturday,7,11/21/2015,"2,836","2,086",fog
Sunday,1,11/22/2015,"3,896","2,927",rain
Monday,2,11/23/2015,"5,814","4,236",rain
Tuesday,3,11/24/2015,"5,879","4,140",rain
Wednesday,4,11/25/2015,"4,800","3,457",rain
Thursday,5,11/26/2015,"3,838","2,825",rain
Friday,6,11/27/2015,"3,576","2,579",rain
Saturday,7,11/28/2015,"2,799","1,974",rain
Sunday,1,11/29/2015,"4,228","3,127",sun
Monday,2,11/30/2015,"6,331","4,570",rain
Tuesday,3,12/1/2015,"6,380","4,743",rain
Wednesday,4,12/2/2015,"6,314","4,829",rain
Thursday,5,12/3/2015,"6,160","4,584",snow
Friday,6,12/4/2015,"4,859","3,615",sun
Saturday,7,12/5/2015,"3,317","2,468",sun
Sunday,1,12/6/2015,"4,715","3,550",sun
Monday,2,12/7/2015,"6,940","5,136",sun
Tuesday,3,12/8/2015,"6,551","4,866",sun
Wednesday,4,12/9/2015,"6,327","4,761",rain
Thursday,5,12/10/2015,"6,212","4,578",rain
Friday,6,12/11/2015,"4,687","3,388",rain
Saturday,7,12/12/2015,"3,014","2,283",drizzle
Sunday,1,12/13/2015,"4,132","3,064",sun
Monday,2,12/14/2015,"5,989","4,330",sun
Tuesday,3,12/15/2015,"5,331","3,967",sun
Wednesday,4,12/16/2015,"5,183","3,665",sun
Thursday,5,12/17/2015,"4,769","3,515",rain
Friday,6,12/18/2015,"3,627","2,518",rain
Saturday,7,12/19/2015,"1,857","1,319",rain
Sunday,1,12/20/2015,"2,221","1,489",rain
Monday,2,12/21/2015,"3,335","2,335",rain
Tuesday,3,12/22/2015,"2,883","2,047",sun
Wednesday,4,12/23/2015,"2,353","1,621",rain
Thursday,5,12/24/2015,"1,578","1,099",rain
Friday,6,12/25/2015,"1,017",724,rain
Saturday,7,12/26/2015,"1,334",936,rain
Sunday,1,12/27/2015,"1,690","1,155",rain
Monday,2,12/28/2015,"2,838","1,829",fog
Tuesday,3,12/29/2015,"2,815","1,786",rain
Wednesday,4,12/30/2015,"2,382","1,618",drizzle
Thursday,5,12/31/2015,"1,587","1,035",rain
Friday,6,1/1/2016,"1,411",960,rain
Saturday,7,1/2/2016,"1,838","1,197",sun
Sunday,1,1/3/2016,"2,180","1,562",rain
Monday,2,1/4/2016,"3,587","2,494",sun
Tuesday,3,1/5/2016,"3,855","2,742",sun
Wednesday,4,1/6/2016,"3,840","2,628",sun
Thursday,5,1/7/2016,"3,735","2,746",sun
Friday,6,1/8/2016,"3,223","2,286",fog
Saturday,7,1/9/2016,"2,207","1,531",sun
Sunday,1,1/10/2016,"2,814","2,000",rain
Monday,2,1/11/2016,"4,007","2,976",rain
Tuesday,3,1/12/2016,"4,119","2,961",sun
Wednesday,4,1/13/2016,"4,338","3,164",sun
Thursday,5,1/14/2016,"4,432","2,962",sun
Friday,6,1/15/2016,"3,306","2,349",sun
Saturday,7,1/16/2016,"2,223","1,557",sun
Sunday,1,1/17/2016,"2,757","2,002",sun
Monday,2,1/18/2016,"4,047","2,898",sun
Tuesday,3,1/19/2016,"4,489","3,190",sun
Wednesday,4,1/20/2016,"4,588","3,232",sun
Thursday,5,1/21/2016,"4,398","3,106",sun
Friday,6,1/22/2016,"3,340","2,455",sun
Saturday,7,1/23/2016,"2,344","1,639",sun
Sunday,1,1/24/2016,"2,973","2,094",rain
Monday,2,1/25/2016,"4,638","3,205",rain
Tuesday,3,1/26/2016,"4,791","3,409",sun
Wednesday,4,1/27/2016,"5,104","3,768",rain
Thursday,5,1/28/2016,"4,621","3,439",fog
Friday,6,1/29/2016,"3,831","2,715",rain
Saturday,7,1/30/2016,"2,295","1,690",sun
Sunday,1,1/31/2016,"3,235","2,462",sun
Monday,2,2/1/2016,"4,918","3,640",sun
Tuesday,3,2/2/2016,"5,127","3,783",rain
Wednesday,4,2/3/2016,"4,794","3,575",rain
Thursday,5,2/4/2016,"4,788","3,420",rain
Friday,6,2/5/2016,"3,948","2,727",rain
Saturday,7,2/6/2016,"2,383","1,765",sun
Sunday,1,2/7/2016,"2,950","2,231",rain
Monday,2,2/8/2016,"4,905","3,592",rain
Tuesday,3,2/9/2016,"5,353","3,931",rain
Wednesday,4,2/10/2016,"5,492","4,007",rain
Thursday,5,2/11/2016,"5,052","3,628",sun
Friday,6,2/12/2016,"3,764","2,807",sun
Saturday,7,2/13/2016,"2,458","1,788",sun
Sunday,1,2/14/2016,"3,098","2,277",rain
Monday,2,2/15/2016,"4,951","3,652",sun
Tuesday,3,2/16/2016,"5,495","4,000",sun
Wednesday,4,2/17/2016,"5,505","4,062",sun
Thursday,5,2/18/2016,"5,188","3,812",sun
Friday,6,2/19/2016,"4,002","2,932",sun
Saturday,7,2/20/2016,"2,607","1,888",sun
Sunday,1,2/21/2016,"3,906","2,838",sun
Monday,2,2/22/2016,"6,360","4,432",sun
Tuesday,3,2/23/2016,"6,046","4,460",sun
Wednesday,4,2/24/2016,"5,938","4,309",rain
Thursday,5,2/25/2016,"5,325","3,892",sun
Friday,6,2/26/2016,"4,165","3,048",sun
Saturday,7,2/27/2016,"2,829","2,096",sun
Sunday,1,2/28/2016,"4,090","2,979",sun
Monday,2,2/29/2016,"5,734","4,224",sun
Tuesday,3,3/1/2016,"6,214","4,474",rain
Wednesday,4,3/2/2016,"5,906","4,333",sun
Thursday,5,3/3/2016,"5,814","4,191",rain
Friday,6,3/4/2016,"4,507","3,188",rain
Saturday,7,3/5/2016,"2,859","2,064",sun
Sunday,1,3/6/2016,"3,897","2,806",rain
Monday,2,3/7/2016,"5,849","4,240",rain
Tuesday,3,3/8/2016,"6,264","4,526",rain
Wednesday,4,3/9/2016,"6,062","4,404",rain
Thursday,5,3/10/2016,"5,685","4,159",rain
Friday,6,3/11/2016,"4,391","3,241",sun
Saturday,7,3/12/2016,"2,880","2,046",sun
Sunday,1,3/13/2016,"3,740","2,673",sun
Monday,2,3/14/2016,"5,710","4,261",sun
Tuesday,3,3/15/2016,"5,168","3,778",sun
Wednesday,4,3/16/2016,"5,577","4,062",sun
Thursday,5,3/17/2016,"5,238","3,827",fog
Friday,6,3/18/2016,"3,931","2,871",sun
Saturday,7,3/19/2016,"2,606","1,892",sun
Sunday,1,3/20/2016,"3,149","2,410",sun
Monday,2,3/21/2016,"5,565","3,968",sun
Tuesday,3,3/22/2016,"5,281","3,770",sun
Wednesday,4,3/23/2016,"5,202","3,780",sun
Thursday,5,3/24/2016,"4,581","3,203",sun
Friday,6,3/25/2016,"3,264","2,281",sun
Saturday,7,3/26/2016,"2,344","1,759",sun
Sunday,1,3/27/2016,"3,112","2,311",sun
Monday,2,3/28/2016,"5,051","3,655",sun
Tuesday,3,3/29/2016,"5,333","3,944",sun
Wednesday,4,3/30/2016,"5,671","4,078",sun
Thursday,5,3/31/2016,"5,097","3,707",sun
Friday,6,4/1/2016,"4,555","2,971",sun
Saturday,7,4/2/2016,"2,987","2,129",sun
Sunday,1,4/3/2016,"4,257","2,964",sun
Monday,2,4/4/2016,"5,804","4,216",fog
Tuesday,3,4/5/2016,"5,885","4,379",sun
Wednesday,4,4/6/2016,"6,054","4,293",sun
Thursday,5,4/7/2016,"5,791","4,147",sun
Friday,6,4/8/2016,"4,741","3,430",sun
Saturday,7,4/9/2016,"2,946","2,140",sun
Sunday,1,4/10/2016,"4,071","2,864",fog
Monday,2,4/11/2016,"6,265","4,503",sun
Tuesday,3,4/12/2016,"6,298","4,626",sun
Wednesday,4,4/13/2016,"6,495","4,628",sun
Thursday,5,4/14/2016,"5,536","4,189",sun
Friday,6,4/15/2016,"4,737","3,447",rain
Saturday,7,4/16/2016,"3,232","2,333",fog
Sunday,1,4/17/2016,"4,201","3,093",sun
Monday,2,4/18/2016,"6,806","4,769",sun
Tuesday,3,4/19/2016,"6,769","4,817",sun
Wednesday,4,4/20/2016,"6,581","4,824",sun
Thursday,5,4/21/2016,"6,254","4,537",sun
Friday,6,4/22/2016,"5,163","3,685",sun
Saturday,7,4/23/2016,"3,851","2,595",rain
Sunday,1,4/24/2016,"4,695","3,386",sun
Monday,2,4/25/2016,"7,098","5,224",sun
Tuesday,3,4/26/2016,"7,156","5,392",sun
Wednesday,4,4/27/2016,"6,836","5,056",rain
Thursday,5,4/28/2016,"6,329","4,724",rain
Friday,6,4/29/2016,"4,990","3,608",fog
Saturday,7,4/30/2016,"3,536","2,489",sun
Sunday,1,5/1/2016,"4,366","3,236",sun
Monday,2,5/2/2016,"6,510","4,786",sun
Tuesday,3,5/3/2016,"6,855","4,962",sun
Wednesday,4,5/4/2016,"6,599","4,651",sun
Thursday,5,5/5/2016,"5,510","4,105",sun
Friday,6,5/6/2016,"4,549","3,245",sun
Saturday,7,5/7/2016,"3,064","2,167",sun
Sunday,1,5/8/2016,"3,633","2,663",rain
Monday,2,5/9/2016,"5,838","4,283",rain
Tuesday,3,5/10/2016,"6,026","4,336",rain
Wednesday,4,5/11/2016,"5,780","4,226",rain
Thursday,5,5/12/2016,"5,131","3,781",rain
Friday,6,5/13/2016,"3,928","2,845",sun
Saturday,7,5/14/2016,"2,636","1,930",sun
Sunday,1,5/15/2016,"3,278","2,366",sun
Monday,2,5/16/2016,"4,785","3,560",sun
Tuesday,3,5/17/2016,"4,886","3,601",rain
Wednesday,4,5/18/2016,"5,145","3,672",rain
Thursday,5,5/19/2016,"5,849","4,211",rain
Friday,6,5/20/2016,"4,456","3,324",rain
Saturday,7,5/21/2016,"2,960","2,138",sun
Sunday,1,5/22/2016,"3,885","2,860",fog
Monday,2,5/23/2016,"5,857","4,155",sun
Tuesday,3,5/24/2016,"6,162","4,345",sun
Wednesday,4,5/25/2016,"6,014","4,254",sun
Thursday,5,5/26/2016,"5,652","4,119",sun
Friday,6,5/27/2016,"4,793","3,340",sun
Saturday,7,5/28/2016,"2,819","1,995",fog
Sunday,1,5/29/2016,"3,687","2,546",rain
Monday,2,5/30/2016,"4,851","3,399",rain
Tuesday,3,5/31/2016,"5,775","4,216",sun
Wednesday,4,6/1/2016,"5,443","3,962",sun
Thursday,5,6/2/2016,"5,590","3,959",sun
Friday,6,6/3/2016,"4,482","3,164",rain
Saturday,7,6/4/2016,"2,792","1,947",sun
Sunday,1,6/5/2016,"3,371","2,449",rain
Monday,2,6/6/2016,"5,547","3,832",rain
Tuesday,3,6/7/2016,"5,468","3,954",sun
Wednesday,4,6/8/2016,"5,104","3,751",rain
Thursday,5,6/9/2016,"4,728","3,485",sun
Friday,6,6/10/2016,"4,024","2,855",rain
Saturday,7,6/11/2016,"2,350","1,677",rain
Sunday,1,6/12/2016,"3,234","2,196",rain
Monday,2,6/13/2016,"4,948","3,550",rain
Tuesday,3,6/14/2016,"5,247","3,760",rain
Wednesday,4,6/15/2016,"5,003","3,557",rain
Thursday,5,6/16/2016,"4,816","3,482",rain
Friday,6,6/17/2016,"4,208","2,818",sun
Saturday,7,6/18/2016,"2,454","1,668",sun
Sunday,1,6/19/2016,"2,763","1,919",rain
Monday,2,6/20/2016,"4,954","3,522",rain
Tuesday,3,6/21/2016,"4,903","3,470",rain
Wednesday,4,6/22/2016,"4,907","3,464",sun
Thursday,5,6/23/2016,"4,625","3,336",rain
Friday,6,6/24/2016,"3,497","2,482",rain
Saturday,7,6/25/2016,"1,826","1,358",rain
Sunday,1,6/26/2016,"2,307","1,721",fog
Monday,2,6/27/2016,"4,368","3,078",sun
Tuesday,3,6/28/2016,"4,233","3,091",sun
Wednesday,4,6/29/2016,"4,187","2,948",fog
Thursday,5,6/30/2016,"3,811","2,726",fog
Friday,6,7/1/2016,"3,179","2,226",sun
Saturday,7,7/2/2016,"1,615","1,039",sun
Sunday,1,7/3/2016,"1,788","1,307",sun
Monday,2,7/4/2016,"2,959","2,144",sun
Tuesday,3,7/5/2016,"3,947","2,840",sun
Wednesday,4,7/6/2016,"3,841","2,821",sun
Thursday,5,7/7/2016,"3,729","2,700",sun
Friday,6,7/8/2016,"3,324","2,381",sun
Saturday,7,7/9/2016,"1,795","1,305",sun
Sunday,1,7/10/2016,"2,373","1,655",rain
Monday,2,7/11/2016,"4,101","2,855",sun
Tuesday,3,7/12/2016,"4,241","2,960",sun
Wednesday,4,7/13/2016,"4,478","3,189",rain
Thursday,5,7/14/2016,"3,961","2,814",rain
Friday,6,7/15/2016,"3,367","2,325",rain
Saturday,7,7/16/2016,"1,828","1,222",rain
Sunday,1,7/17/2016,"2,344","1,636",rain
Monday,2,7/18/2016,"4,415","3,007",drizzle
Tuesday,3,7/19/2016,"4,403","3,151",rain
Wednesday,4,7/20/2016,"4,244","3,082",rain
Thursday,5,7/21/2016,"4,322","3,077",rain
Friday,6,7/22/2016,"3,456","2,431",sun
Saturday,7,7/23/2016,"2,068","1,407",rain
Sunday,1,7/24/2016,"2,568","1,755",sun
Monday,2,7/25/2016,"4,770","3,320",fog
Tuesday,3,7/26/2016,"4,621","3,277",rain
Wednesday,4,7/27/2016,"4,470","3,164",sun
Thursday,5,7/28/2016,"4,307","3,077",rain
Friday,6,7/29/2016,"3,370","2,366",rain
Saturday,7,7/30/2016,"1,960","1,341",sun
Sunday,1,7/31/2016,"2,412","1,765",rain
Monday,2,8/1/2016,"4,504","3,095",rain
Tuesday,3,8/2/2016,"4,382","3,138",rain
Wednesday,4,8/3/2016,"4,710","3,369",sun
Thursday,5,8/4/2016,"4,324","3,106",sun
Friday,6,8/5/2016,"3,472","2,497",sun
Saturday,7,8/6/2016,"1,909","1,339",sun
Sunday,1,8/7/2016,"2,365","1,688",fog
Monday,2,8/8/2016,"4,460","3,056",sun
Tuesday,3,8/9/2016,"4,479","3,135",sun
Wednesday,4,8/10/2016,"4,510","3,207",sun
Thursday,5,8/11/2016,"4,340","3,111",sun
Friday,6,8/12/2016,"3,508","2,436",rain
Saturday,7,8/13/2016,"2,030","1,420",rain
Sunday,1,8/14/2016,"2,586","1,749",rain
Monday,2,8/15/2016,"4,476","2,970",rain
Tuesday,3,8/16/2016,"3,232","2,299",sun
Wednesday,4,8/17/2016,"4,291","3,106",sun
Thursday,5,8/18/2016,"4,247","2,926",sun
Friday,6,8/19/2016,"3,477","2,539",sun
Saturday,7,8/20/2016,"2,169","1,470",sun
Sunday,1,8/21/2016,"2,430","1,808",sun
Monday,2,8/22/2016,"4,358","3,082",sun
Tuesday,3,8/23/2016,"4,465","3,249",sun
Wednesday,4,8/24/2016,"4,550","3,210",sun
Thursday,5,8/25/2016,"4,147","3,011",rain
Friday,6,8/26/2016,"3,634","2,532",rain
Saturday,7,8/27/2016,"2,014","1,430",sun
Sunday,1,8/28/2016,"2,687","1,910",rain
Monday,2,8/29/2016,"4,376","3,115",rain
Tuesday,3,8/30/2016,"4,318","3,226",sun
Wednesday,4,8/31/2016,"4,441","3,219",rain
Thursday,5,9/1/2016,"4,234","3,116",sun
Friday,6,9/2/2016,"3,027","2,230",snow
Saturday,7,9/3/2016,"1,966","1,376",rain
Sunday,1,9/4/2016,"2,446","1,761",rain
Monday,2,9/5/2016,"3,779","2,643",rain
Tuesday,3,9/6/2016,"4,619","3,341",sun
Wednesday,4,9/7/2016,"4,983","3,584",sun
Thursday,5,9/8/2016,"4,645","3,319",sun
Friday,6,9/9/2016,"3,612","2,630",rain
Saturday,7,9/10/2016,"2,153","1,577",sun
Sunday,1,9/11/2016,"3,089","2,307",sun
Monday,2,9/12/2016,"4,580","3,446",rain
Tuesday,3,9/13/2016,"4,788","3,625",rain
Wednesday,4,9/14/2016,"5,095","3,759",sun
Thursday,5,9/15/2016,"4,668","3,454",rain
Friday,6,9/16/2016,"3,711","2,785",rain
Saturday,7,9/17/2016,"2,523","1,861",fog
Sunday,1,9/18/2016,"3,364","2,547",sun
Monday,2,9/19/2016,"5,513","4,050",rain
Tuesday,3,9/20/2016,"5,362","3,762",rain
Wednesday,4,9/21/2016,"5,402","3,987",rain
Thursday,5,9/22/2016,"5,398","3,996",rain
Friday,6,9/23/2016,"3,783","2,663",rain
Saturday,7,9/24/2016,"2,395","1,797",rain
Sunday,1,9/25/2016,"3,679","2,719",rain
Monday,2,9/26/2016,"5,688","4,325",sun
Tuesday,3,9/27/2016,"5,842","4,382",sun
Wednesday,4,9/28/2016,"5,923","4,458",sun
Thursday,5,9/29/2016,"5,717","4,222",sun
Friday,6,9/30/2016,"4,250","3,176",sun
Saturday,7,10/1/2016,"2,525","1,986",sun
Sunday,1,10/2/2016,"3,923","3,023",sun
Monday,2,10/3/2016,"5,785","4,281",sun
Tuesday,3,10/4/2016,"6,052","4,522",sun
Wednesday,4,10/5/2016,"6,150","4,588",rain
Thursday,5,10/6/2016,"5,591","4,134",fog
Friday,6,10/7/2016,"4,279","3,196",sun
Saturday,7,10/8/2016,"2,897","2,066",sun
Sunday,1,10/9/2016,"3,904","2,873",sun
Monday,2,10/10/2016,"5,458","4,145",sun
Tuesday,3,10/11/2016,"5,909","4,399",rain
Wednesday,4,10/12/2016,"6,175","4,620",rain
Thursday,5,10/13/2016,"5,856","4,422",sun
Friday,6,10/14/2016,"4,610","3,505",rain
Saturday,7,10/15/2016,"3,081","2,269",rain
Sunday,1,10/16/2016,"4,390","3,265",sun
Monday,2,10/17/2016,"6,507","4,917",sun
Tuesday,3,10/18/2016,"6,941","5,103",sun
Wednesday,4,10/19/2016,"6,576","4,776",sun
Thursday,5,10/20/2016,"5,985","4,462",sun
Friday,6,10/21/2016,"4,789","3,497",sun
Saturday,7,10/22/2016,"3,263","2,292",snow
Sunday,1,10/23/2016,"4,180","3,135",rain
Monday,2,10/24/2016,"6,371","4,865",rain
Tuesday,3,10/25/2016,"6,648","4,960",rain
Wednesday,4,10/26/2016,"6,501","4,777",rain
Thursday,5,10/27/2016,"6,088","4,431",rain
Friday,6,10/28/2016,"4,376","3,179",rain
Saturday,7,10/29/2016,"2,733","1,955",rain
Sunday,1,10/30/2016,"3,953","2,921",rain
Monday,2,10/31/2016,"6,108","4,416",rain
Tuesday,3,11/1/2016,"5,668","4,185",rain
Wednesday,4,11/2/2016,"6,159","4,508",rain
Thursday,5,11/3/2016,"5,810","4,241",rain
Friday,6,11/4/2016,"4,491","3,394",rain
Saturday,7,11/5/2016,"3,110","2,263",rain
Sunday,1,11/6/2016,"4,418","3,281",rain
Monday,2,11/7/2016,"6,529","4,488",rain
Tuesday,3,11/8/2016,"5,756","4,251",rain
Wednesday,4,11/9/2016,"5,716","4,102",sun
Thursday,5,11/10/2016,"5,323","4,022",sun
Friday,6,11/11/2016,"4,280","3,085",sun
Saturday,7,11/12/2016,"2,982","2,169",rain
Sunday,1,11/13/2016,"4,365","3,172",rain
Monday,2,11/14/2016,"6,627","4,888",rain
Tuesday,3,11/15/2016,"6,467","4,808",rain
Wednesday,4,11/16/2016,"6,631","4,903",rain
Thursday,5,11/17/2016,"6,378","4,681",rain
Friday,6,11/18/2016,"4,767","3,424",sun
Saturday,7,11/19/2016,"3,501","2,580",rain
Sunday,1,11/20/2016,"4,647","3,426",rain
Monday,2,11/21/2016,"6,336","4,693",rain
Tuesday,3,11/22/2016,"6,222","4,564",fog
Wednesday,4,11/23/2016,"5,527","3,904",fog
Thursday,5,11/24/2016,"4,267","3,197",rain
Friday,6,11/25/2016,"3,733","2,678",rain
Saturday,7,11/26/2016,"3,299","2,394",rain
Sunday,1,11/27/2016,"4,530","3,396",rain
Monday,2,11/28/2016,"6,908","5,047",rain
Tuesday,3,11/29/2016,"7,714","5,338",sun
Wednesday,4,11/30/2016,"7,490","5,425",rain
Thursday,5,12/1/2016,"7,190","5,081",sun
Friday,6,12/2/2016,"5,391","3,977",sun
Saturday,7,12/3/2016,"3,575","2,667",sun
Sunday,1,12/4/2016,"5,285","4,031",sun
Monday,2,12/5/2016,"7,330","5,439",sun
Tuesday,3,12/6/2016,"7,489","5,479",rain
Wednesday,4,12/7/2016,"7,345","5,467",rain
Thursday,5,12/8/2016,"6,679","4,991",rain
Friday,6,12/9/2016,"5,403","3,970",rain
Saturday,7,12/10/2016,"3,573","2,712",rain
Sunday,1,12/11/2016,"4,834","3,515",sun
Monday,2,12/12/2016,"6,905","4,945",sun
Tuesday,3,12/13/2016,"6,743","4,927",sun
Wednesday,4,12/14/2016,"6,201","4,488",sun
Thursday,5,12/15/2016,"5,571","4,071",rain
Friday,6,12/16/2016,"3,872","2,780",sun
Saturday,7,12/17/2016,"2,613","1,884",rain
Sunday,1,12/18/2016,"3,109","2,293",sun
Monday,2,12/19/2016,"4,324","3,145",sun
Tuesday,3,12/20/2016,"4,226","3,064",rain
Wednesday,4,12/21/2016,"3,991","2,914",sun
Thursday,5,12/22/2016,"3,160","2,211",sun
Friday,6,12/23/2016,"2,386","1,626",sun
Saturday,7,12/24/2016,"1,115",825,sun
Sunday,1,12/25/2016,"1,387",930,sun
Monday,2,12/26/2016,"2,147","1,418",sun
Tuesday,3,12/27/2016,"2,686","1,777",rain
Wednesday,4,12/28/2016,"2,885","1,915",rain
Thursday,5,12/29/2016,"2,694","1,837",rain
Friday,6,12/30/2016,"2,273","1,541",sun
Saturday,7,12/31/2016,"1,188",836,rain
Sunday,1,1/1/2017,"1,447","1,039",sun
Monday,2,1/2/2017,"2,568","1,844",rain
Tuesday,3,1/3/2017,"3,566","2,527",rain
Wednesday,4,1/4/2017,"3,941","2,816",rain
Thursday,5,1/5/2017,"3,841","2,625",rain
Friday,6,1/6/2017,"3,261","2,338",sun
Saturday,7,1/7/2017,"2,241","1,523",rain
Sunday,1,1/8/2017,"2,679","1,892",rain
Monday,2,1/9/2017,"4,182","2,841",sun
Tuesday,3,1/10/2017,"4,236","3,039",sun
Wednesday,4,1/11/2017,"4,628","3,206",sun
Thursday,5,1/12/2017,"4,205","3,025",sun
Friday,6,1/13/2017,"3,459","2,508",sun
Saturday,7,1/14/2017,"2,448","1,744",rain
Sunday,1,1/15/2017,"2,853","2,015",rain
Monday,2,1/16/2017,"4,638","3,178",rain
Tuesday,3,1/17/2017,"5,325","3,669",sun
Wednesday,4,1/18/2017,"4,866","3,364",sun
Thursday,5,1/19/2017,"4,715","3,375",rain
Friday,6,1/20/2017,"3,753","2,713",rain
Saturday,7,1/21/2017,"2,481","1,778",rain
Sunday,1,1/22/2017,"3,233","2,401",sun
Monday,2,1/23/2017,"5,034","3,660",sun
Tuesday,3,1/24/2017,"4,787","3,593",sun
Wednesday,4,1/25/2017,"4,901","3,602",sun
Thursday,5,1/26/2017,"4,398","3,266",sun
Friday,6,1/27/2017,"3,823","2,832",sun
Saturday,7,1/28/2017,"2,619","1,901",sun
Sunday,1,1/29/2017,"3,518","2,612",sun
Monday,2,1/30/2017,"5,178","3,826",sun
Tuesday,3,1/31/2017,"5,290","3,876",sun
Wednesday,4,2/1/2017,"5,469","4,116",sun
Thursday,5,2/2/2017,"5,399","4,028",sun
Friday,6,2/3/2017,"4,232","3,012",rain
Saturday,7,2/4/2017,"2,828","2,084",sun
Sunday,1,2/5/2017,"3,724","2,783",rain
Monday,2,2/6/2017,"5,733","4,249",sun
Tuesday,3,2/7/2017,"5,814","4,284",sun
Wednesday,4,2/8/2017,"5,349","4,006",sun
Thursday,5,2/9/2017,"5,025","3,681",sun
Friday,6,2/10/2017,"4,044","2,922",sun
Saturday,7,2/11/2017,"2,323","1,731",sun
Sunday,1,2/12/2017,"3,147","2,469",sun
Monday,2,2/13/2017,"4,972","3,719",sun
Tuesday,3,2/14/2017,"4,878","3,582",sun
Wednesday,4,2/15/2017,"5,288","3,786",sun
Thursday,5,2/16/2017,"4,968","3,668",sun
Friday,6,2/17/2017,"3,788","2,748",sun
Saturday,7,2/18/2017,"2,514","1,839",sun
Sunday,1,2/19/2017,"3,463","2,602",sun
Monday,2,2/20/2017,"4,931","3,700",sun
Tuesday,3,2/21/2017,"5,101","3,873",sun
Wednesday,4,2/22/2017,"5,144","3,727",sun
Thursday,5,2/23/2017,"4,433","3,372",rain
Friday,6,2/24/2017,"3,597","2,648",rain
Saturday,7,2/25/2017,"2,621","1,826",sun
Sunday,1,2/26/2017,"3,397","2,494",rain
Monday,2,2/27/2017,"5,062","3,812",rain
Tuesday,3,2/28/2017,"4,926","3,678",rain
Wednesday,4,3/1/2017,"4,936","3,558",sun
Thursday,5,3/2/2017,"4,688","3,441",rain
Friday,6,3/3/2017,"3,827","2,699",rain
Saturday,7,3/4/2017,"2,452","1,754",sun
Sunday,1,3/5/2017,"3,283","2,394",sun
Monday,2,3/6/2017,"4,823","3,481",sun
Tuesday,3,3/7/2017,"4,821","3,662",sun
Wednesday,4,3/8/2017,"5,059","3,613",sun
Thursday,5,3/9/2017,"4,585","3,444",sun
Friday,6,3/10/2017,"3,682","2,733",rain
Saturday,7,3/11/2017,"2,350","1,714",rain
Sunday,1,3/12/2017,"3,056","2,189",sun
Monday,2,3/13/2017,"4,746","3,367",sun
Tuesday,3,3/14/2017,"4,613","3,465",sun
Wednesday,4,3/15/2017,"4,560","3,441",sun
Thursday,5,3/16/2017,"4,520","3,304",sun
Friday,6,3/17/2017,"3,346","2,433",sun
Saturday,7,3/18/2017,"2,253","1,649",fog
Sunday,1,3/19/2017,"2,927","2,267",sun
Monday,2,3/20/2017,"4,878","3,463",fog
Tuesday,3,3/21/2017,"4,852","3,481",sun
Wednesday,4,3/22/2017,"4,585","3,430",sun
Thursday,5,3/23/2017,"4,477","3,260",fog
Friday,6,3/24/2017,"3,654","2,566",sun
Saturday,7,3/25/2017,"2,411","1,760",sun
Sunday,1,3/26/2017,"3,054","2,336",sun
Monday,2,3/27/2017,"4,696","3,479",sun
Tuesday,3,3/28/2017,"5,033","3,633",sun
Wednesday,4,3/29/2017,"4,948","3,530",sun
Thursday,5,3/30/2017,"4,636","3,390",sun
Friday,6,3/31/2017,"3,539","2,636",sun
Saturday,7,4/1/2017,"2,371","1,678",fog
Sunday,1,4/2/2017,"2,816","2,159",sun
Monday,2,4/3/2017,"4,493","3,356",sun
Tuesday,3,4/4/2017,"4,678","3,486",rain
Wednesday,4,4/5/2017,"4,737","3,484",rain
Thursday,5,4/6/2017,"4,775","3,514",sun
Friday,6,4/7/2017,"3,658","2,725",sun
Saturday,7,4/8/2017,"2,260","1,664",sun
Sunday,1,4/9/2017,"3,343","2,433",sun
Monday,2,4/10/2017,"4,640","3,440",sun
Tuesday,3,4/11/2017,"4,694","3,532",sun
Wednesday,4,4/12/2017,"4,771","3,517",sun
Thursday,5,4/13/2017,"4,173","3,017",sun
Friday,6,4/14/2017,"3,046","2,238",sun
Saturday,7,4/15/2017,"2,260","1,701",rain
Sunday,1,4/16/2017,"2,876","2,143",sun
Monday,2,4/17/2017,"4,774","3,402",sun
Tuesday,3,4/18/2017,"5,009","3,702",sun
Wednesday,4,4/19/2017,"5,369","3,852",fog
Thursday,5,4/20/2017,"5,020","3,669",fog
Friday,6,4/21/2017,"3,935","2,802",sun
Saturday,7,4/22/2017,"2,795","2,049",sun
Sunday,1,4/23/2017,"3,795","2,827",sun
Monday,2,4/24/2017,"5,489","4,083",rain
Tuesday,3,4/25/2017,"5,680","4,108",rain
Wednesday,4,4/26/2017,"5,383","3,940",rain
Thursday,5,4/27/2017,"4,890","3,695",sun
Friday,6,4/28/2017,"3,872","2,887",rain
Saturday,7,4/29/2017,"2,790","1,987",sun
Sunday,1,4/30/2017,"3,524","2,616",sun
Monday,2,5/1/2017,"4,903","3,551",sun
Tuesday,3,5/2/2017,"5,160","3,802",sun
Wednesday,4,5/3/2017,"5,194","3,766",sun
Thursday,5,5/4/2017,"5,142","3,755",sun
Friday,6,5/5/2017,"3,836","2,925",sun
Saturday,7,5/6/2017,"2,737","1,981",sun
Sunday,1,5/7/2017,"3,386","2,534",sun
Monday,2,5/8/2017,"4,816","3,585",sun
Tuesday,3,5/9/2017,"4,734","3,458",sun
Wednesday,4,5/10/2017,"4,761","3,475",sun
Thursday,5,5/11/2017,"4,277","3,224",sun
Friday,6,5/12/2017,"3,563","2,620",sun
Saturday,7,5/13/2017,"2,401","1,749",rain
Sunday,1,5/14/2017,"2,877","2,126",rain
Monday,2,5/15/2017,"4,448","3,191",sun
Tuesday,3,5/16/2017,"4,525","3,226",rain
Wednesday,4,5/17/2017,"4,533","3,318",sun
Thursday,5,5/18/2017,"4,431","3,307",fog
Friday,6,5/19/2017,"3,456","2,470",fog
Saturday,7,5/20/2017,"2,162","1,651",sun
Sunday,1,5/21/2017,"2,786","1,971",sun
Monday,2,5/22/2017,"4,172","3,041",sun
Tuesday,3,5/23/2017,"4,255","3,077",sun
Wednesday,4,5/24/2017,"4,154","2,996",sun
Thursday,5,5/25/2017,"3,803","2,839",sun
Friday,6,5/26/2017,"2,950","2,183",sun
Saturday,7,5/27/2017,"1,909","1,444",sun
Sunday,1,5/28/2017,"2,506","1,781",sun
Monday,2,5/29/2017,"3,325","2,457",sun
Tuesday,3,5/30/2017,"4,086","2,909",sun
Wednesday,4,5/31/2017,"3,716","2,667",rain
Thursday,5,6/1/2017,"3,702","2,639",rain
Friday,6,6/2/2017,"2,959","2,171",sun
Saturday,7,6/3/2017,"2,006","1,471",fog
Sunday,1,6/4/2017,"2,479","1,795",sun
Monday,2,6/5/2017,"3,501","2,610",rain
Tuesday,3,6/6/2017,"3,985","2,922",rain
Wednesday,4,6/7/2017,"3,920","2,913",rain
Thursday,5,6/8/2017,"3,868","2,796",rain
Friday,6,6/9/2017,"2,921","2,101",rain
Saturday,7,6/10/2017,"1,655","1,244",fog
Sunday,1,6/11/2017,"2,229","1,622",fog
Monday,2,6/12/2017,"3,660","2,598",rain
Tuesday,3,6/13/2017,"3,898","2,809",sun
Wednesday,4,6/14/2017,"3,912","2,797",sun
Thursday,5,6/15/2017,"3,604","2,624",sun
Friday,6,6/16/2017,"2,970","2,105",sun
Saturday,7,6/17/2017,"1,546","1,187",sun
Sunday,1,6/18/2017,"1,944","1,465",fog
Monday,2,6/19/2017,"3,608","2,493",fog
Tuesday,3,6/20/2017,"3,514","2,472",fog
Wednesday,4,6/21/2017,"3,344","2,475",fog
Thursday,5,6/22/2017,"3,292","2,351",fog
Friday,6,6/23/2017,"2,469","1,850",rain
Saturday,7,6/24/2017,"1,296",925,rain
Sunday,1,6/25/2017,"1,546","1,071",sun
Monday,2,6/26/2017,"2,948","1,998",rain
Tuesday,3,6/27/2017,"3,077","2,190",rain
Wednesday,4,6/28/2017,"3,028","2,145",rain
Thursday,5,6/29/2017,"2,738","1,976",sun
Friday,6,6/30/2017,"2,147","1,478",rain
Saturday,7,7/1/2017,"1,277",903,rain
Sunday,1,7/2/2017,"1,606","1,142",sun
Monday,2,7/3/2017,"2,504","1,726",rain
Tuesday,3,7/4/2017,"2,218","1,566",rain
Wednesday,4,7/5/2017,"3,024","2,149",rain
Thursday,5,7/6/2017,"2,951","2,047",rain
Friday,6,7/7/2017,"2,401","1,693",rain
Saturday,7,7/8/2017,"1,242",891,rain
Sunday,1,7/9/2017,"1,511","1,172",rain
Monday,2,7/10/2017,"2,934","2,062",rain
Tuesday,3,7/11/2017,"3,003","2,140",rain
Wednesday,4,7/12/2017,"3,073","2,192",rain
Thursday,5,7/13/2017,"2,933","2,043",rain
Friday,6,7/14/2017,"2,468","1,710",rain
Saturday,7,7/15/2017,"1,355",892,fog
Sunday,1,7/16/2017,"1,553","1,122",rain
Monday,2,7/17/2017,"2,902","1,954",rain
Tuesday,3,7/18/2017,"2,899","2,109",rain
Wednesday,4,7/19/2017,"2,986","2,032",rain
Thursday,5,7/20/2017,"2,964","2,031",rain
Friday,6,7/21/2017,"2,433","1,609",sun
Saturday,7,7/22/2017,"1,280",923,fog
Sunday,1,7/23/2017,"1,603","1,170",rain
Monday,2,7/24/2017,"3,154","2,214",sun
Tuesday,3,7/25/2017,"3,084","2,148",sun
Wednesday,4,7/26/2017,"2,983","1,925",sun
Thursday,5,7/27/2017,"2,849","1,908",sun
Friday,6,7/28/2017,"2,420","1,538",sun
Saturday,7,7/29/2017,"1,300",895,sun
Sunday,1,7/30/2017,"1,526","1,112",sun
Monday,2,7/31/2017,"2,872","1,978",sun
Tuesday,3,8/1/2017,"2,914","1,957",sun
Wednesday,4,8/2/2017,"2,843","1,994",sun
Thursday,5,8/3/2017,"2,649","1,894",rain
Friday,6,8/4/2017,"2,042","1,478",rain
Saturday,7,8/5/2017,"1,225",901,rain
Sunday,1,8/6/2017,"1,562","1,045",rain
Monday,2,8/7/2017,"2,751","1,823",rain
Tuesday,3,8/8/2017,"2,634","1,868",rain
Wednesday,4,8/9/2017,"2,704","1,961",rain
Thursday,5,8/10/2017,"2,670","1,864",rain
Friday,6,8/11/2017,"2,073","1,498",rain
Saturday,7,8/12/2017,"1,240",888,snow
Sunday,1,8/13/2017,"1,530","1,076",sun
Monday,2,8/14/2017,"2,392","1,704",sun
Tuesday,3,8/15/2017,"2,675","1,846",fog
Wednesday,4,8/16/2017,"2,755","1,911",sun
Thursday,5,8/17/2017,"2,608","1,824",rain
Friday,6,8/18/2017,"2,163","1,521",rain
Saturday,7,8/19/2017,"1,304",951,rain
Sunday,1,8/20/2017,"1,969","1,419",sun
Monday,2,8/21/2017,"2,985","2,069",rain
Tuesday,3,8/22/2017,"3,087","2,259",rain
Wednesday,4,8/23/2017,"3,047","2,147",rain
Thursday,5,8/24/2017,"2,961","2,026",rain
Friday,6,8/25/2017,"2,293","1,589",sun
Saturday,7,8/26/2017,"1,261",934,fog
Sunday,1,8/27/2017,"1,676","1,211",fog
Monday,2,8/28/2017,"1,786","1,287",sun
Tuesday,3,8/29/2017,"3,252","2,310",sun
Wednesday,4,8/30/2017,"3,082","2,179",rain
Thursday,5,8/31/2017,"2,721","1,963",rain
Friday,6,9/1/2017,"2,217","1,583",rain
Saturday,7,9/2/2017,"1,271",908,rain
Sunday,1,9/3/2017,"1,742","1,197",sun
Monday,2,9/4/2017,"2,293","1,704",sun
Tuesday,3,9/5/2017,"3,155","2,289",rain
Wednesday,4,9/6/2017,"3,159","2,320",rain
Thursday,5,9/7/2017,"3,054","2,243",fog
Friday,6,9/8/2017,"2,440","1,848",fog
Saturday,7,9/9/2017,"1,532","1,108",rain
Sunday,1,9/10/2017,"2,247","1,657",rain
Monday,2,9/11/2017,"3,570","2,496",fog
Tuesday,3,9/12/2017,"3,524","2,540",sun
Wednesday,4,9/13/2017,"3,471","2,473",sun
Thursday,5,9/14/2017,"3,303","2,415",sun
Friday,6,9/15/2017,"2,560","1,867",rain
Saturday,7,9/16/2017,"1,470","1,090",fog
Sunday,1,9/17/2017,"2,234","1,715",rain
Monday,2,9/18/2017,"3,504","2,596",rain
Tuesday,3,9/19/2017,"3,984","2,840",fog
Wednesday,4,9/20/2017,"3,746","2,660",fog
Thursday,5,9/21/2017,"3,524","2,667",fog
Friday,6,9/22/2017,"2,639","1,944",rain
Saturday,7,9/23/2017,"1,523","1,178",rain
Sunday,1,9/24/2017,"2,425","1,809",rain
Monday,2,9/25/2017,"3,671","2,705",fog
Tuesday,3,9/26/2017,"3,669","2,780",fog
Wednesday,4,9/27/2017,"3,537","2,657",fog
Thursday,5,9/28/2017,"3,413","2,507",rain
Friday,6,9/29/2017,"2,699","1,902",fog
Saturday,7,9/30/2017,"1,829","1,289",rain
Sunday,1,10/1/2017,"2,379","1,812",rain
Monday,2,10/2/2017,"3,637","2,669",rain
Tuesday,3,10/3/2017,"3,775","2,787",fog
Wednesday,4,10/4/2017,"3,572","2,731",fog
Thursday,5,10/5/2017,"3,605","2,695",rain
Friday,6,10/6/2017,"2,774","2,078",rain
Saturday,7,10/7/2017,"1,780","1,354",rain
Sunday,1,10/8/2017,"2,469","1,884",fog
Monday,2,10/9/2017,"3,881","2,869",fog
Tuesday,3,10/10/2017,"3,767","2,785",rain
Wednesday,4,10/11/2017,"4,082","2,924",fog
Thursday,5,10/12/2017,"4,047","2,768",sun
Friday,6,10/13/2017,"2,877","2,114",fog
Saturday,7,10/14/2017,"2,073","1,559",fog
Sunday,1,10/15/2017,"2,759","2,066",rain
Monday,2,10/16/2017,"3,817","2,880",rain
Tuesday,3,10/17/2017,"3,949","2,930",rain
Wednesday,4,10/18/2017,"3,867","2,896",rain
Thursday,5,10/19/2017,"3,621","2,582",rain
Friday,6,10/20/2017,"2,978","2,220",rain
Saturday,7,10/21/2017,"1,992","1,434",rain
Sunday,1,10/22/2017,"2,851","2,142",rain
Monday,2,10/23/2017,"4,390","3,177",rain
Tuesday,3,10/24/2017,"3,886","2,938",rain
Wednesday,4,10/25/2017,"3,424","2,477",fog
Thursday,5,10/26/2017,"4,207","3,087",rain
Friday,6,10/27/2017,"3,345","2,478",fog
Saturday,7,10/28/2017,"2,128","1,567",rain
Sunday,1,10/29/2017,"2,205","1,637",sun
Monday,2,10/30/2017,"4,091","2,999",fog
Tuesday,3,10/31/2017,"4,223","3,143",sun
Wednesday,4,11/1/2017,"4,361","3,147",sun
Thursday,5,11/2/2017,"4,263","3,103",rain
Friday,6,11/3/2017,"3,341","2,397",rain
Saturday,7,11/4/2017,"2,278","1,634",sun
Sunday,1,11/5/2017,"3,097","2,299",sun
Monday,2,11/6/2017,"4,185","3,113",sun
Tuesday,3,11/7/2017,"4,477","3,341",sun
Wednesday,4,11/8/2017,"4,354","3,227",rain
Thursday,5,11/9/2017,"4,194","3,005",rain
Friday,6,11/10/2017,"3,240","2,319",rain
Saturday,7,11/11/2017,"2,424","1,613",sun
Sunday,1,11/12/2017,"3,168","2,309",sun
Monday,2,11/13/2017,"4,709","3,433",sun
Tuesday,3,11/14/2017,"4,634","3,373",sun
Wednesday,4,11/15/2017,"4,545","3,345",sun
Thursday,5,11/16/2017,"4,532","3,332",sun
Friday,6,11/17/2017,"3,317","2,508",sun
Saturday,7,11/18/2017,"2,449","1,741",fog
Sunday,1,11/19/2017,"2,893","2,231",fog
Monday,2,11/20/2017,"4,170","3,135",fog
Tuesday,3,11/21/2017,"4,277","3,026",rain
Wednesday,4,11/22/2017,"3,588","2,625",rain
Thursday,5,11/23/2017,"3,141","2,237",sun
Friday,6,11/24/2017,"2,658","1,843",rain
Saturday,7,11/25/2017,"2,391","1,652",rain
Sunday,1,11/26/2017,"3,202","2,354",rain
Monday,2,11/27/2017,"4,349","3,251",rain
Tuesday,3,11/28/2017,"4,886","3,660",rain
Wednesday,4,11/29/2017,"4,555","3,484",sun
Thursday,5,11/30/2017,"4,477","3,134",sun
Friday,6,12/1/2017,"3,577","2,603",rain
Saturday,7,12/2/2017,"2,430","1,827",rain
Sunday,1,12/3/2017,"3,449","2,504",rain
Monday,2,12/4/2017,"4,955","3,673",rain
Tuesday,3,12/5/2017,"4,475","3,435",rain
Wednesday,4,12/6/2017,"4,595","3,452",rain
Thursday,5,12/7/2017,"4,451","3,199",sun
Friday,6,12/8/2017,"3,418","2,549",rain
Saturday,7,12/9/2017,"2,605","1,944",sun
Sunday,1,12/10/2017,"3,483","2,607",sun
Monday,2,12/11/2017,"4,651","3,350",rain
Tuesday,3,12/12/2017,"4,029","3,011",rain
Wednesday,4,12/13/2017,"4,282","3,205",rain
Thursday,5,12/14/2017,"4,138","2,930",sun
Friday,6,12/15/2017,"4,130","2,803",rain
Saturday,7,12/16/2017,"2,581","1,761",sun
Sunday,1,12/17/2017,"3,355","2,300",sun
Monday,2,12/18/2017,"4,482","3,109",rain
Tuesday,3,12/19/2017,"4,584","3,021",rain
Wednesday,4,12/20/2017,"4,106","2,661",sun
Thursday,5,12/21/2017,"3,378","2,243",sun
Friday,6,12/22/2017,"2,446","1,544",rain
Saturday,7,12/23/2017,"1,447",958,sun
Sunday,1,12/24/2017,"1,326",895,sun
Monday,2,12/25/2017,"1,609","1,015",rain
Tuesday,3,12/26/2017,"2,481","1,438",rain
Wednesday,4,12/27/2017,"2,798","1,740",sun
Thursday,5,12/28/2017,"2,809","1,797",sun
Friday,6,12/29/2017,"2,216","1,410",sun
Saturday,7,12/30/2017,"1,546","1,071",sun
Sunday,1,12/31/2017,"1,339",923,sun
Monday,2,1/1/2018,"1,709","1,120",sun
Tuesday,3,1/2/2018,"3,389","2,208",rain
Wednesday,4,1/3/2018,"3,391","2,282",sun
Thursday,5,1/4/2018,"3,698","2,310",rain
Friday,6,1/5/2018,"3,511","2,272",rain
Saturday,7,1/6/2018,"2,279","1,498",rain
Sunday,1,1/7/2018,"2,822","1,869",fog
Monday,2,1/8/2018,"4,240","2,784",rain
Tuesday,3,1/9/2018,"4,319","2,844",rain
Wednesday,4,1/10/2018,"4,224","2,866",sun
Thursday,5,1/11/2018,"3,797","2,704",sun
Friday,6,1/12/2018,"3,190","2,127",sun
Saturday,7,1/13/2018,"1,998","1,373",sun
Sunday,1,1/14/2018,"2,515","1,711",sun
Monday,2,1/15/2018,"3,950","2,612",sun
Tuesday,3,1/16/2018,"4,033","2,631",rain
Wednesday,4,1/17/2018,"4,269","2,812",fog
Thursday,5,1/18/2018,"4,124","2,677",sun
Friday,6,1/19/2018,"3,228","2,198",sun
Saturday,7,1/20/2018,"2,287","1,423",sun
Sunday,1,1/21/2018,"2,946","1,996",sun
Monday,2,1/22/2018,"4,608","3,035",fog
Tuesday,3,1/23/2018,"4,786","3,154",rain
Wednesday,4,1/24/2018,"4,724","3,244",rain
Thursday,5,1/25/2018,"4,417","2,875",rain
Friday,6,1/26/2018,"3,580","2,314",fog
Saturday,7,1/27/2018,"2,345","1,544",sun
Sunday,1,1/28/2018,"3,170","2,140",sun
Monday,2,1/29/2018,"4,862","3,194",sun
Tuesday,3,1/30/2018,"4,600","3,106",sun
Wednesday,4,1/31/2018,"4,705","3,249",fog
Thursday,5,2/1/2018,"4,723","3,164",sun
Friday,6,2/2/2018,"3,969","2,572",sun
Saturday,7,2/3/2018,"2,994","2,034",sun
Sunday,1,2/4/2018,"3,162","2,186",sun
Monday,2,2/5/2018,"4,949","3,287",sun
Tuesday,3,2/6/2018,"5,092","3,465",sun
Wednesday,4,2/7/2018,"4,767","3,319",sun
Thursday,5,2/8/2018,"4,625","3,179",sun
Friday,6,2/9/2018,"3,738","2,477",sun
Saturday,7,2/10/2018,"2,739","1,793",sun
Sunday,1,2/11/2018,"3,923","2,476",sun
Monday,2,2/12/2018,"5,341","3,687",rain
Tuesday,3,2/13/2018,"5,114","3,460",rain
Wednesday,4,2/14/2018,"4,896","3,214",sun
Thursday,5,2/15/2018,"4,502","3,050",sun
Friday,6,2/16/2018,"3,729","2,518",sun
Saturday,7,2/17/2018,"2,388","1,618",sun
Sunday,1,2/18/2018,"3,405","2,314",sun
Monday,2,2/19/2018,"5,176","3,620",sun
Tuesday,3,2/20/2018,"5,429","3,597",sun
Wednesday,4,2/21/2018,"5,120","3,448",sun
Thursday,5,2/22/2018,"4,993","3,379",sun
Friday,6,2/23/2018,"4,148","2,751",sun
Saturday,7,2/24/2018,"2,763","1,981",sun
Sunday,1,2/25/2018,"3,599","2,446",sun
Monday,2,2/26/2018,"5,542","3,728",drizzle
Tuesday,3,2/27/2018,"5,378","3,764",sun
Wednesday,4,2/28/2018,"5,536","3,734",sun
Thursday,5,3/1/2018,"4,984","3,315",sun
Friday,6,3/2/2018,"4,130","2,754",rain
Saturday,7,3/3/2018,"2,818","1,922",sun
Sunday,1,3/4/2018,"3,978","2,699",sun
Monday,2,3/5/2018,"5,502","3,727",sun
Tuesday,3,3/6/2018,"5,740","3,842",sun
Wednesday,4,3/7/2018,"5,635","3,734",sun
Thursday,5,3/8/2018,"5,375","3,704",sun
Friday,6,3/9/2018,"4,273","3,038",sun
Saturday,7,3/10/2018,"3,223","2,305",sun
Sunday,1,3/11/2018,"3,956","2,727",rain
Monday,2,3/12/2018,"5,895","4,141",sun
Tuesday,3,3/13/2018,"6,152","4,207",fog
Wednesday,4,3/14/2018,"5,906","4,021",sun
Thursday,5,3/15/2018,"6,300","4,061",sun
Friday,6,3/16/2018,"4,915","3,259",sun
Saturday,7,3/17/2018,"3,218","2,161",sun
Sunday,1,3/18/2018,"4,429","2,919",sun
Monday,2,3/19/2018,"5,739","4,038",drizzle
Tuesday,3,3/20/2018,"6,220","4,292",sun
Wednesday,4,3/21/2018,"6,238","4,163",drizzle
Thursday,5,3/22/2018,"6,226","4,251",sun
Friday,6,3/23/2018,"4,364","2,994",sun
Saturday,7,3/24/2018,"2,882","2,021",sun
Sunday,1,3/25/2018,"4,010","2,748",sun
Monday,2,3/26/2018,"6,084","3,995",sun
Tuesday,3,3/27/2018,"5,874","4,147",sun
Wednesday,4,3/28/2018,"5,719","3,917",sun
Thursday,5,3/29/2018,"5,003","3,396",sun
Friday,6,3/30/2018,"3,605","2,541",sun
Saturday,7,3/31/2018,"2,811","1,901",sun
Sunday,1,4/1/2018,"3,567","2,438",sun
Monday,2,4/2/2018,"5,237","3,542",sun
Tuesday,3,4/3/2018,"6,154","4,126",sun
Wednesday,4,4/4/2018,"5,895","4,112",sun
Thursday,5,4/5/2018,"5,858","3,943",sun
Friday,6,4/6/2018,"5,034","3,348",rain
Saturday,7,4/7/2018,"3,613","2,291",fog
Sunday,1,4/8/2018,"4,389","3,059",rain
Monday,2,4/9/2018,"6,278","4,290",fog
Tuesday,3,4/10/2018,"6,836","4,514",sun
Wednesday,4,4/11/2018,"6,731","4,596",sun
Thursday,5,4/12/2018,"6,287","4,332",sun
Friday,6,4/13/2018,"5,089","3,454",sun
Saturday,7,4/14/2018,"3,812","2,542",sun
Sunday,1,4/15/2018,"5,290","3,538",sun
Monday,2,4/16/2018,"7,161","4,993",sun
Tuesday,3,4/17/2018,"7,352","4,939",fog
Wednesday,4,4/18/2018,"7,218","4,842",sun
Thursday,5,4/19/2018,"7,040","4,672",sun
Friday,6,4/20/2018,"5,367","3,728",sun
Saturday,7,4/21/2018,"4,021","2,749",fog
Sunday,1,4/22/2018,"5,397","3,722",sun
Monday,2,4/23/2018,"7,605","5,124",sun
Tuesday,3,4/24/2018,"7,614","5,094",sun
Wednesday,4,4/25/2018,"7,984","5,541",rain
Thursday,5,4/26/2018,"7,040","4,823",sun
Friday,6,4/27/2018,"5,628","3,749",rain
Saturday,7,4/28/2018,"3,926","2,618",sun
Sunday,1,4/29/2018,"5,479","3,635",sun
Monday,2,4/30/2018,"6,670","4,584",sun
Tuesday,3,5/1/2018,"6,783","4,542",sun
Wednesday,4,5/2/2018,"7,105","4,865",drizzle
Thursday,5,5/3/2018,"6,877","4,702",rain
Friday,6,5/4/2018,"5,460","3,711",sun
Saturday,7,5/5/2018,"3,648","2,568",drizzle
Sunday,1,5/6/2018,"4,917","3,311",drizzle
Monday,2,5/7/2018,"6,980","4,654",sun
Tuesday,3,5/8/2018,"6,702","4,577",sun
Wednesday,4,5/9/2018,"6,699","4,488",sun
Thursday,5,5/10/2018,"6,001","4,059",sun
Friday,6,5/11/2018,"5,094","3,454",rain
Saturday,7,5/12/2018,"3,179","2,237",rain
Sunday,1,5/13/2018,"4,169","2,912",rain
Monday,2,5/14/2018,"6,392","4,388",sun
Tuesday,3,5/15/2018,"5,878","4,094",rain
Wednesday,4,5/16/2018,"5,800","3,976",sun
Thursday,5,5/17/2018,"5,690","4,023",sun
Friday,6,5/18/2018,"4,314","2,986",sun
Saturday,7,5/19/2018,"2,948","2,117",rain
Sunday,1,5/20/2018,"3,864","2,674",rain
Monday,2,5/21/2018,"5,499","3,708",rain
Tuesday,3,5/22/2018,"5,790","4,040",sun
Wednesday,4,5/23/2018,"5,720","3,971",sun
Thursday,5,5/24/2018,"5,692","3,675",fog
Friday,6,5/25/2018,"4,082","2,803",sun
Saturday,7,5/26/2018,"2,716","1,965",sun
Sunday,1,5/27/2018,"3,430","2,374",rain
Monday,2,5/28/2018,"4,353","2,994",sun
Tuesday,3,5/29/2018,"5,525","3,777",sun
Wednesday,4,5/30/2018,"5,407","3,574",rain
Thursday,5,5/31/2018,"4,994","3,485",rain
Friday,6,6/1/2018,"3,835","2,681",sun
Saturday,7,6/2/2018,"2,511","1,750",sun
Sunday,1,6/3/2018,"3,371","2,308",rain
Monday,2,6/4/2018,"5,226","3,399",fog
Tuesday,3,6/5/2018,"5,139","3,453",sun
Wednesday,4,6/6/2018,"5,051","3,474",sun
Thursday,5,6/7/2018,"4,787","3,283",fog
Friday,6,6/8/2018,"3,956","2,670",rain
Saturday,7,6/9/2018,"2,303","1,589",sun
Sunday,1,6/10/2018,"3,011","2,091",sun
Monday,2,6/11/2018,"4,896","3,326",sun
Tuesday,3,6/12/2018,"4,952","3,309",sun
Wednesday,4,6/13/2018,"4,570","3,099",fog
Thursday,5,6/14/2018,"4,542","2,962",fog
Friday,6,6/15/2018,"3,383","2,320",fog
Saturday,7,6/16/2018,"1,922","1,316",sun
Sunday,1,6/17/2018,"2,404","1,677",sun
Monday,2,6/18/2018,"4,576","2,964",sun
Tuesday,3,6/19/2018,"4,727","3,144",drizzle
Wednesday,4,6/20/2018,"4,639","2,989",rain
Thursday,5,6/21/2018,"4,108","2,762",fog
Friday,6,6/22/2018,"3,372","2,207",rain
Saturday,7,6/23/2018,"1,996","1,277",rain
Sunday,1,6/24/2018,"2,415","1,619",sun
Monday,2,6/25/2018,"4,457","2,881",rain
Tuesday,3,6/26/2018,"4,736","3,039",rain
Wednesday,4,6/27/2018,"4,245","2,818",fog
Thursday,5,6/28/2018,"4,081","2,785",fog
Friday,6,6/29/2018,"3,053","2,008",sun
Saturday,7,6/30/2018,"1,741","1,147",rain
Sunday,1,7/1/2018,"2,186","1,447",rain
Monday,2,7/2/2018,"4,026","2,533",rain
Tuesday,3,7/3/2018,"3,961","2,515",fog
Wednesday,4,7/4/2018,"3,019","2,032",fog
Thursday,5,7/5/2018,"3,743","2,496",fog
Friday,6,7/6/2018,"3,050","1,995",fog
Saturday,7,7/7/2018,"1,688","1,080",fog
Sunday,1,7/8/2018,"2,185","1,440",rain
Monday,2,7/9/2018,"4,104","2,576",rain
Tuesday,3,7/10/2018,"4,097","2,694",fog
Wednesday,4,7/11/2018,"3,844","2,506",rain
Thursday,5,7/12/2018,"3,743","2,530",rain
Friday,6,7/13/2018,"3,073","2,068",rain
Saturday,7,7/14/2018,"1,852","1,249",rain
Sunday,1,7/15/2018,"2,105","1,474",rain
Monday,2,7/16/2018,"4,078","2,657",rain
Tuesday,3,7/17/2018,"4,515","2,856",rain
Wednesday,4,7/18/2018,"4,276","2,779",sun
Thursday,5,7/19/2018,"4,043","2,705",rain
Friday,6,7/20/2018,"3,004","2,028",fog
Saturday,7,7/21/2018,"1,664","1,177",rain
Sunday,1,7/22/2018,"2,248","1,561",rain
Monday,2,7/23/2018,"4,062","2,658",rain
Tuesday,3,7/24/2018,"4,053","2,680",rain
Wednesday,4,7/25/2018,"3,628","2,431",rain
Thursday,5,7/26/2018,"3,596","2,415",rain
Friday,6,7/27/2018,"3,140","2,002",rain
Saturday,7,7/28/2018,"1,938","1,304",rain
Sunday,1,7/29/2018,"2,460","1,699",rain
Monday,2,7/30/2018,"4,175","2,771",rain
Tuesday,3,7/31/2018,"4,113","2,881",rain
Wednesday,4,8/1/2018,"4,273","2,901",rain
Thursday,5,8/2/2018,"4,194","2,754",rain
Friday,6,8/3/2018,"3,405","2,345",fog
Saturday,7,8/4/2018,"1,800","1,251",sun
Sunday,1,8/5/2018,"2,378","1,694",fog
Monday,2,8/6/2018,"4,319","2,856",rain
Tuesday,3,8/7/2018,"4,388","2,971",rain
Wednesday,4,8/8/2018,"4,205","2,724",sun
Thursday,5,8/9/2018,"3,973","2,555",sun
Friday,6,8/10/2018,"3,510","2,224",sun
Saturday,7,8/11/2018,"1,913","1,281",sun
Sunday,1,8/12/2018,"2,397","1,644",fog
Monday,2,8/13/2018,"4,348","2,789",rain
Tuesday,3,8/14/2018,"3,966","2,688",rain
Wednesday,4,8/15/2018,"3,805","2,544",rain
Thursday,5,8/16/2018,"3,866","2,604",rain
Friday,6,8/17/2018,"3,489","2,219",rain
Saturday,7,8/18/2018,"2,074","1,394",rain
Sunday,1,8/19/2018,"2,519","1,687",rain
Monday,2,8/20/2018,"4,202","2,734",rain
Tuesday,3,8/21/2018,"4,023","2,711",rain
Wednesday,4,8/22/2018,"4,048","2,685",rain
Thursday,5,8/23/2018,"4,150","2,860",rain
Friday,6,8/24/2018,"3,154","2,199",rain
Saturday,7,8/25/2018,"2,143","1,317",rain
Sunday,1,8/26/2018,"2,576","1,705",rain
Monday,2,8/27/2018,"4,317","2,954",sun
Tuesday,3,8/28/2018,"4,421","3,023",rain
Wednesday,4,8/29/2018,"4,563","3,019",rain
Thursday,5,8/30/2018,"4,055","2,798",rain
Friday,6,8/31/2018,"3,427","2,305",rain
Saturday,7,9/1/2018,"1,731","1,241",fog
Sunday,1,9/2/2018,"2,258","1,641",rain
Monday,2,9/3/2018,"3,655","2,499",rain
Tuesday,3,9/4/2018,"4,456","2,995",rain
Wednesday,4,9/5/2018,"4,566","3,042",rain
Thursday,5,9/6/2018,"4,314","3,049",rain
Friday,6,9/7/2018,"3,557","2,349",rain
Saturday,7,9/8/2018,"2,281","1,548",sun
Sunday,1,9/9/2018,"3,346","2,255",rain
Monday,2,9/10/2018,"4,711","3,200",rain
Tuesday,3,9/11/2018,"4,709","3,134",fog
Wednesday,4,9/12/2018,"4,379","3,032",sun
Thursday,5,9/13/2018,"4,357","2,870",sun
Friday,6,9/14/2018,"3,560","2,396",sun
Saturday,7,9/15/2018,"2,049","1,488",sun
Sunday,1,9/16/2018,"2,813","1,934",sun
Monday,2,9/17/2018,"5,064","3,241",sun
Tuesday,3,9/18/2018,"5,006","3,221",sun
Wednesday,4,9/19/2018,"4,949","3,282",sun
Thursday,5,9/20/2018,"4,695","3,165",sun
Friday,6,9/21/2018,"3,516","2,383",rain
Saturday,7,9/22/2018,"2,460","1,704",fog
Sunday,1,9/23/2018,"2,994","2,127",rain
Monday,2,9/24/2018,"4,688","3,273",fog
Tuesday,3,9/25/2018,"4,924","3,481",sun
Wednesday,4,9/26/2018,"5,209","3,546",sun
Thursday,5,9/27/2018,"5,966","4,029",sun
Friday,6,9/28/2018,"4,740","3,171",sun
Saturday,7,9/29/2018,"2,715","1,870",sun
Sunday,1,9/30/2018,"3,739","2,573",sun
Monday,2,10/1/2018,"5,841","3,982",sun
Tuesday,3,10/2/2018,"5,881","4,096",fog
Wednesday,4,10/3/2018,"5,540","3,863",sun
Thursday,5,10/4/2018,"5,636","3,894",sun
Friday,6,10/5/2018,"4,479","3,120",sun
Saturday,7,10/6/2018,"3,076","2,094",fog
Sunday,1,10/7/2018,"3,973","2,865",sun
Monday,2,10/8/2018,"6,045","4,310",sun
Tuesday,3,10/9/2018,"6,126","4,173",sun
Wednesday,4,10/10/2018,"6,084","4,319",rain
Thursday,5,10/11/2018,"6,154","4,254",sun
Friday,6,10/12/2018,"4,868","3,385",rain
Saturday,7,10/13/2018,"3,409","2,379",sun
Sunday,1,10/14/2018,"4,722","3,357",sun
Monday,2,10/15/2018,"6,555","4,550",sun
Tuesday,3,10/16/2018,"7,079","4,652",sun
Wednesday,4,10/17/2018,"6,691","4,673",drizzle
Thursday,5,10/18/2018,"6,522","4,398",rain
Friday,6,10/19/2018,"4,922","3,390",sun
Saturday,7,10/20/2018,"3,409","2,399",drizzle
Sunday,1,10/21/2018,"4,483","3,092",drizzle
Monday,2,10/22/2018,"6,666","4,499",sun
Tuesday,3,10/23/2018,"6,991","4,677",sun
Wednesday,4,10/24/2018,"6,871","4,619",sun
Thursday,5,10/25/2018,"6,357","4,331",sun
Friday,6,10/26/2018,"5,114","3,468",rain
Saturday,7,10/27/2018,"3,456","2,400",rain
Sunday,1,10/28/2018,"4,924","3,251",rain
Monday,2,10/29/2018,"6,837","4,704",sun
Tuesday,3,10/30/2018,"6,481","4,547",rain
Wednesday,4,10/31/2018,"6,296","4,316",sun
Thursday,5,11/1/2018,"6,044","3,988",sun
Friday,6,11/2/2018,"4,860","3,326",sun
Saturday,7,11/3/2018,"3,430","2,289",rain
Sunday,1,11/4/2018,"4,638","3,236",rain
Monday,2,11/5/2018,"6,365","4,329",rain
Tuesday,3,11/6/2018,"6,330","4,291",sun
Wednesday,4,11/7/2018,"5,865","3,937",sun
Thursday,5,11/8/2018,"5,692","3,938",fog
Friday,6,11/9/2018,"5,026","3,533",sun
Saturday,7,11/10/2018,"3,506","2,428",sun
Sunday,1,11/11/2018,"4,778","3,265",rain
Monday,2,11/12/2018,"6,684","4,592",sun
Tuesday,3,11/13/2018,"6,766","4,720",sun
Wednesday,4,11/14/2018,"6,916","4,674",rain
Thursday,5,11/15/2018,"6,440","4,379",rain
Friday,6,11/16/2018,"5,066","3,497",sun
Saturday,7,11/17/2018,"3,503","2,489",sun
Sunday,1,11/18/2018,"4,855","3,321",rain
Monday,2,11/19/2018,"6,818","4,601",fog
Tuesday,3,11/20/2018,"6,239","4,424",sun
Wednesday,4,11/21/2018,"5,471","3,904",sun
Thursday,5,11/22/2018,"4,453","3,186",fog
Friday,6,11/23/2018,"4,062","2,892",rain
Saturday,7,11/24/2018,"3,485","2,445",sun
Sunday,1,11/25/2018,"4,906","3,371",sun
Monday,2,11/26/2018,"7,099","4,871",sun
Tuesday,3,11/27/2018,"7,503","5,181",sun
Wednesday,4,11/28/2018,"7,554","5,227",fog
Thursday,5,11/29/2018,"7,169","4,944",fog
Friday,6,11/30/2018,"5,608","3,895",fog
Saturday,7,12/1/2018,"4,055","2,800",sun
Sunday,1,12/2/2018,"5,611","3,906",sun
Monday,2,12/3/2018,"7,650","5,378",sun
Tuesday,3,12/4/2018,"7,372","5,225",drizzle
Wednesday,4,12/5/2018,"7,369","5,166",rain
Thursday,5,12/6/2018,"7,250","5,093",fog
Friday,6,12/7/2018,"5,735","4,032",rain
Saturday,7,12/8/2018,"4,614","3,240",rain
Sunday,1,12/9/2018,"5,979","4,062",sun
Monday,2,12/10/2018,"7,840","5,421",rain
Tuesday,3,12/11/2018,"7,659","5,267",rain
Wednesday,4,12/12/2018,"7,319","4,983",fog
Thursday,5,12/13/2018,"6,373","4,452",fog
Friday,6,12/14/2018,"4,897","3,404",sun
Saturday,7,12/15/2018,"3,325","2,209",rain
Sunday,1,12/16/2018,"3,874","2,671",rain
Monday,2,12/17/2018,"5,436","3,791",rain
Tuesday,3,12/18/2018,"5,174","3,562",fog
Wednesday,4,12/19/2018,"4,873","3,255",fog
Thursday,5,12/20/2018,"3,913","2,716",fog
Friday,6,12/21/2018,"2,934","1,979",fog
Saturday,7,12/22/2018,"1,523","1,074",fog
Sunday,1,12/23/2018,"1,859","1,223",rain
Monday,2,12/24/2018,"1,835","1,310",rain
Tuesday,3,12/25/2018,"1,852","1,214",fog
Wednesday,4,12/26/2018,"2,357","1,594",rain
Thursday,5,12/27/2018,"2,583","1,783",rain
Friday,6,12/28/2018,"2,477","1,613",rain
Saturday,7,12/29/2018,"1,694","1,197",rain
Sunday,1,12/30/2018,"1,985","1,340",rain
Monday,2,12/31/2018,"1,723","1,159",rain
Tuesday,3,1/1/2019,"1,715","1,168",rain
Wednesday,4,1/2/2019,"3,431","2,361",sun
Thursday,5,1/3/2019,"4,118","2,793",rain
Friday,6,1/4/2019,"3,504","2,373",fog
Saturday,7,1/5/2019,"2,308","1,609",rain
Sunday,1,1/6/2019,"2,925","2,046",rain
Monday,2,1/7/2019,"4,587","3,100",rain
Tuesday,3,1/8/2019,"4,731","3,182",rain
Wednesday,4,1/9/2019,"4,831","3,245",rain
Thursday,5,1/10/2019,"4,162","2,836",rain
Friday,6,1/11/2019,"3,726","2,476",rain
Saturday,7,1/12/2019,"2,458","1,722",rain
Sunday,1,1/13/2019,"3,266","2,264",rain
Monday,2,1/14/2019,"5,016","3,348",rain
Tuesday,3,1/15/2019,"4,732","3,320",rain
Wednesday,4,1/16/2019,"4,938","3,447",rain
Thursday,5,1/17/2019,"5,033","3,516",rain
Friday,6,1/18/2019,"4,114","2,731",fog
Saturday,7,1/19/2019,"2,780","1,929",sun
Sunday,1,1/20/2019,"4,205","2,367",fog
Monday,2,1/21/2019,"4,983","3,391",rain
Tuesday,3,1/22/2019,"5,182","3,674",rain
Wednesday,4,1/23/2019,"5,316","3,856",sun
Thursday,5,1/24/2019,"5,021","3,462",sun
Friday,6,1/25/2019,"4,230","2,882",sun
Saturday,7,1/26/2019,"2,743","1,882",sun
Sunday,1,1/27/2019,"3,890","2,622",fog
Monday,2,1/28/2019,"5,575","3,925",rain
Tuesday,3,1/29/2019,"5,732","3,866",rain
Wednesday,4,1/30/2019,"5,402","3,759",rain
Thursday,5,1/31/2019,"5,069","3,597",rain
Friday,6,2/1/2019,"4,222","2,923",rain
Saturday,7,2/2/2019,"2,864","1,902",rain
Sunday,1,2/3/2019,"3,598","2,447",rain
Monday,2,2/4/2019,"5,366","3,767",rain
Tuesday,3,2/5/2019,"5,427","3,757",rain
Wednesday,4,2/6/2019,"5,667","3,759",rain
Thursday,5,2/7/2019,"5,517","3,763",rain
Friday,6,2/8/2019,"4,420","2,943",rain
Saturday,7,2/9/2019,"3,150","2,274",rain
Sunday,1,2/10/2019,"4,264","2,962",rain
Monday,2,2/11/2019,"6,569","4,276",sun
Tuesday,3,2/12/2019,"6,145","4,092",rain
Wednesday,4,2/13/2019,"5,743","3,932",rain
Thursday,5,2/14/2019,"5,512","3,762",rain
Friday,6,2/15/2019,"4,127","2,952",rain
Saturday,7,2/16/2019,"3,309","2,195",fog
Sunday,1,2/17/2019,"3,761","2,669",rain
Monday,2,2/18/2019,"5,592","3,912",rain
Tuesday,3,2/19/2019,"6,100","4,322",rain
Wednesday,4,2/20/2019,"6,208","4,265",rain
Thursday,5,2/21/2019,"5,730","4,071",rain
Friday,6,2/22/2019,"4,372","3,073",rain
Saturday,7,2/23/2019,"3,378","2,259",sun
Sunday,1,2/24/2019,"4,367","3,012",rain
Monday,2,2/25/2019,"6,318","4,424",rain
Tuesday,3,2/26/2019,"6,431","4,304",fog
Wednesday,4,2/27/2019,"5,919","4,205",sun
Thursday,5,2/28/2019,"5,668","3,966",sun
Friday,6,3/1/2019,"4,581","3,178",sun
Saturday,7,3/2/2019,"3,383","2,263",sun
Sunday,1,3/3/2019,"4,311","3,005",sun
Monday,2,3/4/2019,"6,357","4,214",sun
Tuesday,3,3/5/2019,"6,092","4,092",sun
Wednesday,4,3/6/2019,"5,772","4,070",sun
Thursday,5,3/7/2019,"5,861","4,064",sun
Friday,6,3/8/2019,"4,600","3,147",rain
Saturday,7,3/9/2019,"3,390","2,218",fog
Sunday,1,3/10/2019,"4,099","2,898",rain
Monday,2,3/11/2019,"6,240","4,320",fog
Tuesday,3,3/12/2019,"5,871","4,127",sun
Wednesday,4,3/13/2019,"6,381","4,506",sun
Thursday,5,3/14/2019,"5,853","4,043",sun
Friday,6,3/15/2019,"4,425","3,116",sun
Saturday,7,3/16/2019,"2,961","2,099",sun
Sunday,1,3/17/2019,"4,008","2,744",sun
Monday,2,3/18/2019,"5,830","4,040",sun
Tuesday,3,3/19/2019,"6,089","4,164",fog
Wednesday,4,3/20/2019,"5,800","3,946",sun
Thursday,5,3/21/2019,"5,431","3,761",sun
Friday,6,3/22/2019,"4,560","3,071",sun
Saturday,7,3/23/2019,"3,256","2,254",fog
Sunday,1,3/24/2019,"4,156","2,858",sun
Monday,2,3/25/2019,"6,060","4,232",sun
Tuesday,3,3/26/2019,"6,191","4,344",sun
Wednesday,4,3/27/2019,"6,678","4,612",rain
Thursday,5,3/28/2019,"6,167","4,086",sun
Friday,6,3/29/2019,"4,441","3,147",rain
Saturday,7,3/30/2019,"3,243","2,325",sun
Sunday,1,3/31/2019,"4,260","3,039",sun
Monday,2,4/1/2019,"6,078","4,238",sun
Tuesday,3,4/2/2019,"6,824","4,656",sun
Wednesday,4,4/3/2019,"6,621","4,727",drizzle
Thursday,5,4/4/2019,"6,231","4,343",rain
Friday,6,4/5/2019,"4,776","3,346",sun
Saturday,7,4/6/2019,"3,148","2,319",drizzle
Sunday,1,4/7/2019,"4,357","3,050",drizzle
Monday,2,4/8/2019,"6,794","4,738",sun
Tuesday,3,4/9/2019,"6,688","4,505",sun
Wednesday,4,4/10/2019,"6,570","4,448",sun
Thursday,5,4/11/2019,"6,113","4,264",sun
Friday,6,4/12/2019,"4,856","3,336",rain
Saturday,7,4/13/2019,"3,401","2,409",rain
Sunday,1,4/14/2019,"4,551","3,197",rain
Monday,2,4/15/2019,"6,614","4,773",sun
Tuesday,3,4/16/2019,"7,019","4,837",rain
Wednesday,4,4/17/2019,"6,643","4,470",sun
Thursday,5,4/18/2019,"5,398","3,825",sun
Friday,6,4/19/2019,"4,323","2,981",sun
Saturday,7,4/20/2019,"3,546","2,442",rain
Sunday,1,4/21/2019,"4,312","3,045",rain
Monday,2,4/22/2019,"6,363","4,520",rain
Tuesday,3,4/23/2019,"6,797","4,968",sun
Wednesday,4,4/24/2019,"7,144","5,002",sun
Thursday,5,4/25/2019,"6,555","4,621",fog
Friday,6,4/26/2019,"5,400","3,780",sun
Saturday,7,4/27/2019,"3,710","2,465",sun
Sunday,1,4/28/2019,"4,788","3,294",rain
Monday,2,4/29/2019,"6,232","4,340",sun
Tuesday,3,4/30/2019,"6,093","4,264",sun
Wednesday,4,5/1/2019,"6,117","4,275",rain
Thursday,5,5/2/2019,"6,274","4,153",rain
Friday,6,5/3/2019,"4,774","3,370",sun
Saturday,7,5/4/2019,"3,437","2,462",sun
Sunday,1,5/5/2019,"4,330","3,009",rain
Monday,2,5/6/2019,"5,902","4,164",fog
Tuesday,3,5/7/2019,"6,064","4,258",sun
Wednesday,4,5/8/2019,"5,709","4,049",sun
Thursday,5,5/9/2019,"5,596","3,944",fog
Friday,6,5/10/2019,"4,498","3,144",rain
Saturday,7,5/11/2019,"3,258","2,119",sun
Sunday,1,5/12/2019,"3,571","2,565",sun
Monday,2,5/13/2019,"5,677","3,908",sun
Tuesday,3,5/14/2019,"5,534","3,669",sun
Wednesday,4,5/15/2019,"5,391","3,667",fog
Thursday,5,5/16/2019,"5,043","3,577",fog
Friday,6,5/17/2019,"3,993","2,795",fog
Saturday,7,5/18/2019,"2,565","1,876",sun
Sunday,1,5/19/2019,"3,369","2,364",sun
Monday,2,5/20/2019,"4,993","3,442",sun
Tuesday,3,5/21/2019,"4,728","3,406",drizzle
Wednesday,4,5/22/2019,"4,963","3,431",rain
Thursday,5,5/23/2019,"4,637","3,243",fog
Friday,6,5/24/2019,"3,694","2,559",rain
Saturday,7,5/25/2019,"2,460","1,658",rain
Sunday,1,5/26/2019,"3,006","2,064",sun
Monday,2,5/27/2019,"3,992","2,780",rain
Tuesday,3,5/28/2019,"4,960","3,403",rain
Wednesday,4,5/29/2019,"4,376","3,115",fog
Thursday,5,5/30/2019,"4,143","2,896",fog
Friday,6,5/31/2019,"3,359","2,363",sun
Saturday,7,6/1/2019,"2,218","1,474",rain
Sunday,1,6/2/2019,"2,768","1,845",rain
Monday,2,6/3/2019,"3,967","2,831",rain
Tuesday,3,6/4/2019,"4,501","3,008",fog
Wednesday,4,6/5/2019,"3,973","2,727",fog
Thursday,5,6/6/2019,"4,259","2,871",fog
Friday,6,6/7/2019,"3,181","2,313",fog
Saturday,7,6/8/2019,"2,170","1,583",fog
Sunday,1,6/9/2019,"2,810","1,930",rain
Monday,2,6/10/2019,"4,420","3,030",rain
Tuesday,3,6/11/2019,"4,793","3,258",fog
Wednesday,4,6/12/2019,"4,410","3,064",rain
Thursday,5,6/13/2019,"4,076","2,844",rain
Friday,6,6/14/2019,"3,287","2,265",rain
Saturday,7,6/15/2019,"2,176","1,467",rain
Sunday,1,6/16/2019,"2,516","1,747",rain
Monday,2,6/17/2019,"4,142","2,925",rain
Tuesday,3,6/18/2019,"4,225","3,013",rain
Wednesday,4,6/19/2019,"4,162","2,882",sun
Thursday,5,6/20/2019,"3,716","2,615",rain
Friday,6,6/21/2019,"3,333","2,275",fog
Saturday,7,6/22/2019,"1,918","1,360",rain
Sunday,1,6/23/2019,"2,344","1,621",rain
Monday,2,6/24/2019,"3,691","2,591",rain
Tuesday,3,6/25/2019,"4,035","2,770",rain
Wednesday,4,6/26/2019,"3,939","2,675",rain
Thursday,5,6/27/2019,"3,738","2,671",rain
Friday,6,6/28/2019,"2,846","2,021",rain
Saturday,7,6/29/2019,"1,733","1,199",rain
Sunday,1,6/30/2019,"2,184","1,494",rain
Monday,2,7/1/2019,"3,512","2,485",rain
Tuesday,3,7/2/2019,"3,675","2,636",rain
Wednesday,4,7/3/2019,"3,831","2,579",rain
Thursday,5,7/4/2019,"2,801","1,971",rain
Friday,6,7/5/2019,"2,552","1,790",fog
Saturday,7,7/6/2019,"1,950","1,291",sun
Sunday,1,7/7/2019,"2,110","1,477",fog
Monday,2,7/8/2019,"4,303","2,903",rain
Tuesday,3,7/9/2019,"3,883","2,799",rain
Wednesday,4,7/10/2019,"4,244","2,907",sun
Thursday,5,7/11/2019,"3,765","2,669",sun
Friday,6,7/12/2019,"3,286","2,276",sun
Saturday,7,7/13/2019,"1,851","1,305",sun
Sunday,1,7/14/2019,"2,580","1,754",fog
Monday,2,7/15/2019,"4,140","2,911",rain
Tuesday,3,7/16/2019,"4,076","2,785",rain
Wednesday,4,7/17/2019,"4,141","2,900",rain
Thursday,5,7/18/2019,"3,898","2,774",rain
Friday,6,7/19/2019,"3,027","2,078",rain
Saturday,7,7/20/2019,"1,831","1,271",rain
Sunday,1,7/21/2019,"2,282","1,617",rain
Monday,2,7/22/2019,"4,138","2,890",rain
Tuesday,3,7/23/2019,"4,049","2,868",rain
Wednesday,4,7/24/2019,"4,272","2,963",rain
Thursday,5,7/25/2019,"4,089","2,755",rain
Friday,6,7/26/2019,"3,277","2,264",rain
Saturday,7,7/27/2019,"1,954","1,308",rain
Sunday,1,7/28/2019,"2,111","1,509",rain
Monday,2,7/29/2019,"3,625","2,539",sun
Tuesday,3,7/30/2019,"4,415","2,906",rain
Wednesday,4,7/31/2019,"3,854","2,743",rain
Thursday,5,8/1/2019,"4,114","2,771",rain
Friday,6,8/2/2019,"3,492","2,280",rain
Saturday,7,8/3/2019,"1,849","1,312",fog
Sunday,1,8/4/2019,"2,239","1,630",rain
Monday,2,8/5/2019,"3,976","2,664",rain
Tuesday,3,8/6/2019,"4,061","2,833",rain
Wednesday,4,8/7/2019,"3,702","2,675",rain
Thursday,5,8/8/2019,"3,622","2,553",rain
Friday,6,8/9/2019,"3,039","2,033",rain
Saturday,7,8/10/2019,"1,848","1,265",sun
Sunday,1,8/11/2019,"2,082","1,502",rain
Monday,2,8/12/2019,"3,807","2,574",rain
Tuesday,3,8/13/2019,"3,993","2,667",fog
Wednesday,4,8/14/2019,"3,567","2,517",sun
Thursday,5,8/15/2019,"3,484","2,450",sun
Friday,6,8/16/2019,"2,994","2,022",sun
Saturday,7,8/17/2019,"1,793","1,276",sun
Sunday,1,8/18/2019,"2,422","1,721",sun
Monday,2,8/19/2019,"4,070","2,847",sun
Tuesday,3,8/20/2019,"3,987","2,800",sun
Wednesday,4,8/21/2019,"3,355","2,407",sun
Thursday,5,8/22/2019,"2,925","1,959",sun
Friday,6,8/23/2019,"3,010","2,143",rain
Saturday,7,8/24/2019,"1,896","1,380",fog
Sunday,1,8/25/2019,"2,501","1,791",rain
Monday,2,8/26/2019,"3,851","2,714",fog
Tuesday,3,8/27/2019,"4,403","3,075",sun
Wednesday,4,8/28/2019,"4,627","3,125",sun
Thursday,5,8/29/2019,"4,221","2,982",sun
Friday,6,8/30/2019,"3,025","2,102",sun
Saturday,7,8/31/2019,"1,998","1,386",sun
Sunday,1,9/1/2019,"2,297","1,645",sun
Monday,2,9/2/2019,"3,192","2,272",sun
Tuesday,3,9/3/2019,"4,087","2,921",fog
Wednesday,4,9/4/2019,"4,787","3,348",sun
Thursday,5,9/5/2019,"4,483","3,078",sun
Friday,6,9/6/2019,"3,571","2,483",sun
Saturday,7,9/7/2019,"2,263","1,566",fog
Sunday,1,9/8/2019,"2,948","2,118",sun
Monday,2,9/9/2019,"4,521","3,287",sun
Tuesday,3,9/10/2019,"4,563","3,251",sun
Wednesday,4,9/11/2019,"4,598","3,365",rain
Thursday,5,9/12/2019,"4,603","3,356",sun
Friday,6,9/13/2019,"3,349","2,508",rain
Saturday,7,9/14/2019,"2,437","1,716",sun
Sunday,1,9/15/2019,"3,188","2,367",sun
Monday,2,9/16/2019,"5,291","3,839",sun
Tuesday,3,9/17/2019,"5,477","3,815",sun
Wednesday,4,9/18/2019,"5,257","3,726",drizzle
Thursday,5,9/19/2019,"5,000","3,500",rain
Friday,6,9/20/2019,"3,890","2,822",sun
Saturday,7,9/21/2019,"2,654","1,994",drizzle
Sunday,1,9/22/2019,"3,656","2,640",drizzle
Monday,2,9/23/2019,"5,223","3,804",sun
Tuesday,3,9/24/2019,"5,276","3,826",sun
Wednesday,4,9/25/2019,"5,476","3,838",sun
Thursday,5,9/26/2019,"5,196","3,718",sun
Friday,6,9/27/2019,"4,052","2,863",rain
Saturday,7,9/28/2019,"2,635","1,945",rain
Sunday,1,9/29/2019,"4,076","2,895",rain
Monday,2,9/30/2019,"5,167","3,754",sun
Tuesday,3,10/1/2019,"4,972","3,634",rain
Wednesday,4,10/2/2019,"5,143","3,683",sun
Thursday,5,10/3/2019,"4,753","3,454",sun
Friday,6,10/4/2019,"3,795","2,854",sun
Saturday,7,10/5/2019,"2,920","2,118",rain
Sunday,1,10/6/2019,"3,950","2,850",rain
Monday,2,10/7/2019,"5,493","3,929",rain
Tuesday,3,10/8/2019,"5,652","4,186",sun
Wednesday,4,10/9/2019,"5,617","3,936",sun
Thursday,5,10/10/2019,"5,234","3,802",fog
Friday,6,10/11/2019,"4,118","3,147",sun
Saturday,7,10/12/2019,"2,863","2,111",sun
Sunday,1,10/13/2019,"4,032","3,013",rain
Monday,2,10/14/2019,"5,476","4,022",sun
Tuesday,3,10/15/2019,"5,542","4,117",sun
Wednesday,4,10/16/2019,"5,340","3,966",rain
Thursday,5,10/17/2019,"5,388","3,905",rain
Friday,6,10/18/2019,"4,309","3,097",sun
Saturday,7,10/19/2019,"3,117","2,223",sun
Sunday,1,10/20/2019,"4,234","3,081",rain
Monday,2,10/21/2019,"5,698","4,144",fog
Tuesday,3,10/22/2019,"5,721","4,132",sun
Wednesday,4,10/23/2019,"6,018","4,446",sun
Thursday,5,10/24/2019,"5,563","3,995",fog
Friday,6,10/25/2019,"4,159","2,961",rain
Saturday,7,10/26/2019,"2,732","2,057",sun
Sunday,1,10/27/2019,"3,901","2,854",sun
Monday,2,10/28/2019,"5,749","4,120",sun
Tuesday,3,10/29/2019,"5,821","4,140",sun
Wednesday,4,10/30/2019,"5,647","4,059",fog
Thursday,5,10/31/2019,"5,219","3,689",fog
Friday,6,11/1/2019,"4,054","3,010",fog
Saturday,7,11/2/2019,"2,815","2,170",sun
Sunday,1,11/3/2019,"4,253","3,063",sun
Monday,2,11/4/2019,"5,816","4,184",sun
Tuesday,3,11/5/2019,"5,843","4,176",drizzle
Wednesday,4,11/6/2019,"6,058","4,351",rain
Thursday,5,11/7/2019,"6,291","4,489",fog
Friday,6,11/8/2019,"4,604","3,357",rain
Saturday,7,11/9/2019,"3,354","2,337",rain
Sunday,1,11/10/2019,"4,190","3,075",sun
Monday,2,11/11/2019,"5,931","4,194",rain
Tuesday,3,11/12/2019,"6,443","4,589",rain
Wednesday,4,11/13/2019,"5,805","4,275",fog
Thursday,5,11/14/2019,"5,753","4,172",fog
Friday,6,11/15/2019,"4,709","3,452",sun
Saturday,7,11/16/2019,"3,418","2,506",rain
Sunday,1,11/17/2019,"4,821","3,387",rain
Monday,2,11/18/2019,"6,444","4,699",rain
Tuesday,3,11/19/2019,"6,607","4,772",fog
Wednesday,4,11/20/2019,"6,726","4,781",fog
Thursday,5,11/21/2019,"6,334","4,462",fog
Friday,6,11/22/2019,"4,575","3,214",fog
Saturday,7,11/23/2019,"3,414","2,474",fog
Sunday,1,11/24/2019,"4,535","3,242",rain
Monday,2,11/25/2019,"5,970","4,467",rain
Tuesday,3,11/26/2019,"5,630","4,115",fog
Wednesday,4,11/27/2019,"5,384","3,823",rain
Thursday,5,11/28/2019,"4,201","3,223",rain
Friday,6,11/29/2019,"3,799","2,947",rain
Saturday,7,11/30/2019,"3,301","2,443",rain
Sunday,1,12/1/2019,"4,420","3,308",rain
Monday,2,12/2/2019,"6,384","4,674",rain
Tuesday,3,12/3/2019,"6,964","4,975",rain
Wednesday,4,12/4/2019,"6,957","4,959",sun
Thursday,5,12/5/2019,"6,350","4,671",rain
Friday,6,12/6/2019,"5,324","3,796",fog
Saturday,7,12/7/2019,"3,795","2,760",rain
Sunday,1,12/8/2019,"5,013","3,636",rain
Monday,2,12/9/2019,"7,005","5,250",rain
Tuesday,3,12/10/2019,"6,606","4,791",rain
Wednesday,4,12/11/2019,"6,686","4,902",rain
Thursday,5,12/12/2019,"6,163","4,533",rain
Friday,6,12/13/2019,"4,581","3,272",rain
Saturday,7,12/14/2019,"2,930","2,240",rain
Sunday,1,12/15/2019,"3,585","2,672",rain
Monday,2,12/16/2019,"4,925","3,653",rain
Tuesday,3,12/17/2019,"4,743","3,441",rain
Wednesday,4,12/18/2019,"4,716","3,390",rain
Thursday,5,12/19/2019,"3,793","2,821",rain
Friday,6,12/20/2019,"2,688","1,906",fog
Saturday,7,12/21/2019,"1,682","1,177",sun
Sunday,1,12/22/2019,"1,880","1,411",fog
Monday,2,12/23/2019,"2,451","1,738",rain
Tuesday,3,12/24/2019,"1,644","1,197",rain
Wednesday,4,12/25/2019,"1,483","1,027",sun
Thursday,5,12/26/2019,"1,864","1,355",sun
Friday,6,12/27/2019,"1,927","1,319",sun
Saturday,7,12/28/2019,"1,679","1,219",sun
Sunday,1,12/29/2019,"1,962","1,299",fog
Monday,2,12/30/2019,"2,469","1,762",rain
Tuesday,3,12/31/2019,"1,750","1,192",rain
Wednesday,4,1/1/2020,"1,554","1,105",rain
Thursday,5,1/2/2020,"2,820","2,083",rain
Friday,6,1/3/2020,"2,970","2,180",rain
Saturday,7,1/4/2020,"2,111","1,526",rain
Sunday,1,1/5/2020,"2,393","1,788",rain
Monday,2,1/6/2020,"3,704","2,770",rain
Tuesday,3,1/7/2020,"3,760","2,915",rain
Wednesday,4,1/8/2020,"3,698","2,844",rain
Thursday,5,1/9/2020,"4,243","3,374",rain
Friday,6,1/10/2020,"3,177","2,415",rain
Saturday,7,1/11/2020,"2,361","1,834",rain
Sunday,1,1/12/2020,"2,762","2,238",rain
Monday,2,1/13/2020,"4,298","3,242",sun
Tuesday,3,1/14/2020,"3,838","2,884",rain
Wednesday,4,1/15/2020,"3,754","2,864",rain
Thursday,5,1/16/2020,"3,817","2,951",rain
Friday,6,1/17/2020,"3,175","2,419",rain
Saturday,7,1/18/2020,"2,336","1,927",fog
Sunday,1,1/19/2020,"2,597","2,031",rain
Monday,2,1/20/2020,"3,715","2,948",rain
Tuesday,3,1/21/2020,"4,459","3,501",rain
Wednesday,4,1/22/2020,"4,483","3,552",rain
Thursday,5,1/23/2020,"4,225","3,295",rain
Friday,6,1/24/2020,"3,111","2,484",rain
Saturday,7,1/25/2020,"2,353","1,784",sun
Sunday,1,1/26/2020,"3,198","2,520",rain
Monday,2,1/27/2020,"4,432","3,539",rain
Tuesday,3,1/28/2020,"4,664","3,654",fog
Wednesday,4,1/29/2020,"4,471","3,544",sun
Thursday,5,1/30/2020,"4,486","3,499",sun
Friday,6,1/31/2020,"3,527","2,704",rain
Saturday,7,2/1/2020,"2,514","1,995",rain
Sunday,1,2/2/2020,"2,993","2,409",rain
Monday,2,2/3/2020,"4,728","3,694",rain
Tuesday,3,2/4/2020,"4,883","3,982",rain
Wednesday,4,2/5/2020,"5,071","4,061",rain
Thursday,5,2/6/2020,"4,638","3,715",rain
Friday,6,2/7/2020,"3,757","2,942",rain
Saturday,7,2/8/2020,"2,761","2,193",rain
Sunday,1,2/9/2020,"3,423","2,849",rain
Monday,2,2/10/2020,"5,066","4,016",rain
Tuesday,3,2/11/2020,"4,928","4,045",rain
Wednesday,4,2/12/2020,"4,996","4,019",fog
Thursday,5,2/13/2020,"5,004","3,823",sun
Friday,6,2/14/2020,"3,675","2,949",fog
Saturday,7,2/15/2020,"2,556","2,024",rain
Sunday,1,2/16/2020,"3,732","2,808",rain
Monday,2,2/17/2020,"4,958","3,951",sun
Tuesday,3,2/18/2020,"4,869","3,806",sun
Wednesday,4,2/19/2020,"5,224","4,042",sun
Thursday,5,2/20/2020,"4,890","3,748",sun
Friday,6,2/21/2020,"3,678","2,914",fog
Saturday,7,2/22/2020,"2,456","2,025",rain
Sunday,1,2/23/2020,"3,444","2,708",rain
Monday,2,2/24/2020,"5,000","3,974",rain
Tuesday,3,2/25/2020,"5,496","4,210",rain
Wednesday,4,2/26/2020,"5,059","4,014",rain
Thursday,5,2/27/2020,"4,813","3,759",rain
Friday,6,2/28/2020,"3,810","3,052",rain
Saturday,7,2/29/2020,"2,682","2,169",rain
Sunday,1,3/1/2020,"3,332","2,754",rain
Monday,2,3/2/2020,"4,872","3,801",rain
Tuesday,3,3/3/2020,"5,097","3,956",rain
Wednesday,4,3/4/2020,"4,714","3,591",rain
Thursday,5,3/5/2020,"5,048","3,994",fog
Friday,6,3/6/2020,"3,698","2,843",sun
Saturday,7,3/7/2020,"2,670","2,095",fog
Sunday,1,3/8/2020,"3,416","2,743",rain
Monday,2,3/9/2020,"4,731","3,830",rain
Tuesday,3,3/10/2020,"4,820","3,718",sun
Wednesday,4,3/11/2020,"4,813","3,711",sun
Thursday,5,3/12/2020,"4,393","3,508",sun
Friday,6,3/13/2020,"3,316","2,613",sun
Saturday,7,3/14/2020,"2,416","1,888",fog
Sunday,1,3/15/2020,"2,934","2,251",rain
Monday,2,3/16/2020,"2,732","2,157",rain
Tuesday,3,3/17/2020,"3,805","3,007",rain
Wednesday,4,3/18/2020,"3,748","2,976",rain
Thursday,5,3/19/2020,"3,678","2,883",rain
Friday,6,3/20/2020,"3,322","2,647",rain
Saturday,7,3/21/2020,"2,701","2,049",rain
Sunday,1,3/22/2020,"3,263","2,469",rain
Monday,2,3/23/2020,"4,105","3,166",sun
Tuesday,3,3/24/2020,"4,156","3,247",sun
Wednesday,4,3/25/2020,"4,153","3,367",rain
Thursday,5,3/26/2020,"4,256","3,394",fog
Friday,6,3/27/2020,"3,818","3,002",sun
Saturday,7,3/28/2020,"3,045","2,438",sun
Sunday,1,3/29/2020,"4,079","3,047",fog
Monday,2,3/30/2020,"4,899","3,852",rain
Tuesday,3,3/31/2020,"4,943","3,822",sun
Wednesday,4,4/1/2020,"4,907","3,799",sun
Thursday,5,4/2/2020,"4,933","3,838",sun
Friday,6,4/3/2020,"4,665","3,498",sun
Saturday,7,4/4/2020,"3,366","2,536",fog
Sunday,1,4/5/2020,"3,976","3,045",fog
Monday,2,4/6/2020,"4,981","3,921",fog
Tuesday,3,4/7/2020,"5,331","4,144",sun
Wednesday,4,4/8/2020,"5,331","4,203",sun
Thursday,5,4/9/2020,"5,063","3,982",sun
Friday,6,4/10/2020,"4,252","3,354",sun
Saturday,7,4/11/2020,"3,656","2,712",sun
Sunday,1,4/12/2020,"4,152","3,125",rain
Monday,2,4/13/2020,"5,089","3,922",fog
Tuesday,3,4/14/2020,"5,491","4,314",sun
Wednesday,4,4/15/2020,"5,665","4,424",sun
Thursday,5,4/16/2020,"5,423","4,203",fog
Friday,6,4/17/2020,"4,688","3,682",rain
Saturday,7,4/18/2020,"4,055","3,007",sun
Sunday,1,4/19/2020,"4,830","3,671",sun
Monday,2,4/20/2020,"5,908","4,517",sun
Tuesday,3,4/21/2020,"5,633","4,377",sun
Wednesday,4,4/22/2020,"5,786","4,520",fog
Thursday,5,4/23/2020,"5,967","4,758",fog
Friday,6,4/24/2020,"4,937","3,879",fog
Saturday,7,4/25/2020,"4,327","3,284",sun
Sunday,1,4/26/2020,"5,086","3,964",sun
Monday,2,4/27/2020,"6,038","4,771",sun
Tuesday,3,4/28/2020,"6,324","4,920",rain
Wednesday,4,4/29/2020,"6,062","4,735",rain
Thursday,5,4/30/2020,"5,520","4,375",rain
Friday,6,5/1/2020,"4,670","3,621",rain
Saturday,7,5/2/2020,"4,171","3,145",rain
Sunday,1,5/3/2020,"4,716","3,648",rain
Monday,2,5/4/2020,"5,939","4,567",rain
Tuesday,3,5/5/2020,"6,361","4,900",fog
Wednesday,4,5/6/2020,"6,659","5,322",sun
Thursday,5,5/7/2020,"6,264","4,857",fog
Friday,6,5/8/2020,"5,359","4,202",rain
Saturday,7,5/9/2020,"4,593","3,452",rain
Sunday,1,5/10/2020,"5,092","3,917",sun
Monday,2,5/11/2020,"6,563","5,112",sun
Tuesday,3,5/12/2020,"6,124","4,775",sun
Wednesday,4,5/13/2020,"5,817","4,596",sun
Thursday,5,5/14/2020,"6,057","4,583",fog
Friday,6,5/15/2020,"4,958","3,829",rain
Saturday,7,5/16/2020,"3,651","2,827",rain
Sunday,1,5/17/2020,"4,248","3,291",rain
Monday,2,5/18/2020,"5,624","4,231",rain
Tuesday,3,5/19/2020,"5,595","4,300",rain
Wednesday,4,5/20/2020,"5,213","4,106",rain
Thursday,5,5/21/2020,"5,156","3,990",rain
Friday,6,5/22/2020,"4,350","3,343",rain
Saturday,7,5/23/2020,"3,446","2,696",rain
Sunday,1,5/24/2020,"3,945","2,969",rain
Monday,2,5/25/2020,"4,639","3,610",rain
Tuesday,3,5/26/2020,"5,224","4,069",rain
Wednesday,4,5/27/2020,"5,242","4,105",fog
Thursday,5,5/28/2020,"4,939","3,966",sun
Friday,6,5/29/2020,"4,387","3,486",fog
Saturday,7,5/30/2020,"3,327","2,583",rain
Sunday,1,5/31/2020,"3,692","2,919",rain
Monday,2,6/1/2020,"4,734","3,707",rain
Tuesday,3,6/2/2020,"4,727","3,690",rain
Wednesday,4,6/3/2020,"4,994","3,869",rain
Thursday,5,6/4/2020,"4,767","3,733",rain
Friday,6,6/5/2020,"4,124","3,247",rain
Saturday,7,6/6/2020,"3,230","2,425",rain
Sunday,1,6/7/2020,"3,906","3,049",fog
Monday,2,6/8/2020,"4,895","3,787",sun
Tuesday,3,6/9/2020,"4,871","3,644",fog
Wednesday,4,6/10/2020,"4,989","3,857",rain
Thursday,5,6/11/2020,"4,633","3,560",rain
Friday,6,6/12/2020,"4,475","3,292",sun
Saturday,7,6/13/2020,"2,967","2,304",rain
Sunday,1,6/14/2020,"3,507","2,684",rain
Monday,2,6/15/2020,"4,337","3,348",rain
Tuesday,3,6/16/2020,"4,470","3,461",rain
Wednesday,4,6/17/2020,"4,439","3,450",rain
Thursday,5,6/18/2020,"4,895","3,677",rain
Friday,6,6/19/2020,"3,924","2,911",rain
Saturday,7,6/20/2020,"2,827","2,190",fog
Sunday,1,6/21/2020,"3,481","2,668",sun
Monday,2,6/22/2020,"4,627","3,493",fog
Tuesday,3,6/23/2020,"4,561","3,493",rain
Wednesday,4,6/24/2020,"4,626","3,521",rain
Thursday,5,6/25/2020,"4,137","3,215",sun
Friday,6,6/26/2020,"3,555","2,675",sun
Saturday,7,6/27/2020,"2,671","1,999",sun
Sunday,1,6/28/2020,"3,486","2,635",sun
Monday,2,6/29/2020,"4,000","3,119",fog
Tuesday,3,6/30/2020,"3,828","3,013",rain
Wednesday,4,7/1/2020,"3,935","3,049",rain
Thursday,5,7/2/2020,"3,633","2,881",rain
Friday,6,7/3/2020,"2,997","2,286",rain
Saturday,7,7/4/2020,"2,194","1,704",rain
Sunday,1,7/5/2020,"2,948","2,198",rain
Monday,2,7/6/2020,"4,049","3,215",rain
Tuesday,3,7/7/2020,"3,792","2,998",rain
Wednesday,4,7/8/2020,"4,029","3,096",rain
Thursday,5,7/9/2020,"3,945","3,039",rain
Friday,6,7/10/2020,"3,523","2,620",rain
Saturday,7,7/11/2020,"2,646","1,981",rain
Sunday,1,7/12/2020,"3,454","2,611",fog
Monday,2,7/13/2020,"3,703","2,916",sun
Tuesday,3,7/14/2020,"3,680","2,853",fog
Wednesday,4,7/15/2020,"3,479","2,627",rain
Thursday,5,7/16/2020,"3,756","2,916",rain
Friday,6,7/17/2020,"3,289","2,557",rain
Saturday,7,7/18/2020,"2,416","1,892",rain
Sunday,1,7/19/2020,"2,793","2,197",rain
Monday,2,7/20/2020,"3,749","2,881",rain
Tuesday,3,7/21/2020,"3,786","2,889",rain
Wednesday,4,7/22/2020,"4,002","3,039",rain
Thursday,5,7/23/2020,"3,823","3,033",fog
Friday,6,7/24/2020,"3,430","2,623",sun
Saturday,7,7/25/2020,"2,400","1,767",fog
Sunday,1,7/26/2020,"2,835","2,207",rain
Monday,2,7/27/2020,"4,001","3,031",rain
Tuesday,3,7/28/2020,"3,795","2,969",sun
Wednesday,4,7/29/2020,"3,903","3,010",sun
Thursday,5,7/30/2020,"3,397","2,687",sun
Friday,6,7/31/2020,"3,005","2,317",sun
Saturday,7,8/1/2020,"2,305","1,750",fog
Sunday,1,8/2/2020,"2,696","1,993",rain
Monday,2,8/3/2020,"3,866","2,814",rain
Tuesday,3,8/4/2020,"3,826","2,845",rain
Wednesday,4,8/5/2020,"3,673","2,774",rain
Thursday,5,8/6/2020,"3,660","2,625",rain
Friday,6,8/7/2020,"3,136","2,364",rain
Saturday,7,8/8/2020,"2,223","1,628",rain
Sunday,1,8/9/2020,"2,623","1,941",rain
Monday,2,8/10/2020,"3,638","2,745",rain
Tuesday,3,8/11/2020,"3,740","2,742",rain
Wednesday,4,8/12/2020,"3,767","2,904",rain
Thursday,5,8/13/2020,"3,621","2,780",rain
Friday,6,8/14/2020,"2,971","2,308",fog
Saturday,7,8/15/2020,"2,221","1,696",sun
Sunday,1,8/16/2020,"2,724","2,037",fog
Monday,2,8/17/2020,"3,456","2,638",rain
Tuesday,3,8/18/2020,"3,581","2,683",rain
Wednesday,4,8/19/2020,"2,064","1,564",rain